Sample File,D:\OlinCollege\All_data\OlinCollege\Sham!\Low1.S80,,,,,,,,,,,,,,,,,,,,,,,,,,
Classifier Model,3080,,,,,,,,,,,,,,,,,,,,,,,,,,
DMA Model,3085,,,,,,,,,,,,,,,,,,,,,,,,,,
DMA Inner Radius(cm),0.00937,,,,,,,,,,,,,,,,,,,,,,,,,,
DMA Outer Radius(cm),0.01905,,,,,,,,,,,,,,,,,,,,,,,,,,
DMA Characteristic Length(cm),0.04987,,,,,,,,,,,,,,,,,,,,,,,,,,
CPC Model,3775 Low Flow,,,,,,,,,,,,,,,,,,,,,,,,,,
Gas Viscosity (kg/(m*s)),1.82E-05,,,,,,,,,,,,,,,,,,,,,,,,,,
Mean Free Path (m),6.64E-08,,,,,,,,,,,,,,,,,,,,,,,,,,
Channels/Decade,64,,,,,,,,,,,,,,,,,,,,,,,,,,
Multiple Charge Correction,TRUE,,,,,,,,,,,,,,,,,,,,,,,,,,
Nanoparticle Aggregate Mobility Analysis,FALSE,,,,,,,,,,,,,,,,,,,,,,,,,,
Diffusion Correction,TRUE,,,,,,,,,,,,,,,,,,,,,,,,,,
Gas Density,0.0012,,,,,,,,,,,,,,,,,,,,,,,,,,
Units,dw/dlogDp,,,,,,,,,,,,,,,,,,,,,,,,,,
Weight,Number,,,,,,,,,,,,,,,,,,,,,,,,,,
Sample #,1,2,3,4,5,6,7,8,9,10,11,12,13,14,15,16,17,18,19,20,21,22,23,24,25,26,27
Date,3/28/2017,3/28/2017,3/28/2017,3/28/2017,3/28/2017,3/28/2017,3/28/2017,3/28/2017,3/28/2017,3/28/2017,3/28/2017,3/28/2017,3/28/2017,3/28/2017,3/28/2017,3/28/2017,3/28/2017,3/28/2017,3/28/2017,3/28/2017,3/28/2017,3/28/2017,3/28/2017,3/28/2017,3/28/2017,3/28/2017,3/28/2017
Start Time,11:57:00,12:02:04,12:07:03,12:12:03,12:17:04,12:22:03,12:27:04,12:32:03,12:37:03,12:42:03,12:47:04,12:52:04,12:57:04,13:02:04,13:07:04,13:12:04,13:17:04,13:22:04,13:27:04,13:32:04,13:37:04,13:42:04,13:47:04,13:52:04,13:57:04,14:02:04,14:07:04
Diameter Midpoint,,,,,,,,,,,,,,,,,,,,,,,,,,,
7.1,62658.7,64623.3,65384.2,64297.3,65853.5,61306.8,53687,82036.6,58172.8,51491.6,70339.3,37769,78080.9,103766,80602.1,77672.4,71834.6,83531.8,75707.9,55121.4,65384.2,54978.1,61571.8,48114.3,47910,55386.5,45653.8
7.37,64477.4,50563.3,66237.1,46204.5,54594.2,37323.8,62472.4,60426.1,45979.6,48844.8,52589.1,59485.2,62247.5,60017.5,58932.5,69593.4,72355.6,63433.7,58666.3,72580.5,45468.1,53059.4,53059.4,58666.3,53325.5,58134.1,47534.9
7.64,50350.2,39287.3,47702.5,39890.3,54710.4,42564,34472.5,41830.1,43394.3,33616.3,38326.2,34725.8,64235.1,59193,65668.4,49869.6,52543.3,50350.2,49642.3,45535.4,40519.2,38431.1,46016,45561.4,42031.4,38177.8,30592.9
7.91,30562.9,45480.1,49427.3,31012.8,45030.1,41764.8,32645.4,38007.4,38717.5,29148.2,34960,42446.8,58078.4,55735.6,50359.6,44533.7,51788.4,47112.7,46862.3,36374.7,41968.7,43847.4,47340.4,46644.4,37284.4,40104,38239.4
8.2,32124.9,27468.8,28878.6,25446.5,42811.7,27267.8,29084.4,25848.5,37366.8,32114.4,19601.7,28481.3,59176.5,44637.7,46664.8,42621.2,57356.2,44838.7,37563,33740.5,30303.7,39590.1,39589,27267.8,38384,41406.6,33329
8.51,32953.9,30849.2,27854.3,30674.8,20625.9,39310.8,23443.8,26972.1,26792.5,24326,30136,30846.3,44069.8,50587.5,43707.9,28020.5,35608.1,37543.9,23095.3,25725.5,31546.2,34018.2,32433.6,29613.1,26261.8,34897.5,37189.9
8.82,24879.3,26107.2,27800.5,23944.8,30134.9,31199.2,29330.3,19772.8,29516.8,26262.3,25652.6,19163.1,42334.6,34755.5,32142.1,30566.6,37536,33062.1,33680.3,31509.5,29183.6,25644.2,23481.8,25807.8,33680.3,20692.9,22717
9.14,23087.3,23930.4,22596.9,23930.4,21338.7,23141.1,21910.5,17828.5,21882.9,25991.1,17957.7,19706.2,31548.8,33052.2,25031.9,30189.1,28270.7,23502.3,21325.6,24889.6,20407.1,26107.1,22297.9,21570.8,24046.5,23141.1,15897
9.47,15793.5,19754.1,19288.7,16464.6,21683,16963.6,18789.7,12623.7,21458.8,21699.8,19288.7,22079.2,28916.2,28434,23628.7,25437.9,23198.8,19823.3,21097.9,19271.9,18393.5,18789.7,20150.3,18101.8,21097.9,21389.6,13485.3
9.82,16633.9,22374.1,21480.2,20955.6,16318.8,14920.1,11977.4,18833,21546.3,14196.2,18165.8,16281.9,28801.1,20546.9,27220.4,21460.5,28163.2,25220.5,20603.5,23231,18012.9,19204.8,18594.3,25631.8,18404.5,19556.8,16375.5
10.2,17311.3,18635.8,14931.5,13347.1,18005.3,13448.5,16493.8,15669.8,17282.8,16110.4,16037.5,15720.5,21405.5,19944.6,22035.9,16471.6,21044.2,22143.8,19481.9,14418.1,15980.4,14627.4,15568.4,17339.9,14221.8,16161.1,15951.8
10.6,13022.9,13415,12356,18546.8,14715.4,13043.9,14397.1,15822.5,13043.9,13019.8,12994.2,11693.8,24342.5,17492.5,20983.1,21591,16806.2,18524.3,14769.8,17196.7,15798.5,14739.5,14792.3,14370,17807.7,15427.4,13760.5
10.9,15123.9,11058.4,13606.1,10180.4,10486.9,10774.7,13864.2,15078.4,12035.8,11701,10749.2,15104,19075.7,24044.7,15719.6,14509.6,14766.4,16362.2,13267.1,9276.89,12033,14484.1,12675.6,14435.8,11393.2,16006.1,8655.63
11.3,11993.5,13665.8,10014.9,7800.39,7848.99,8940.38,9268.52,12037.2,13670.8,12063.9,14322.1,45682,15924,14224.9,16536.6,19164.4,13763,15676.2,12224.5,11412.6,11896.3,8429.9,8896.73,13772.8,10848.6,9241.75,12251.2
11.8,9169.68,11714.8,9169.68,9714.68,9560.77,9423.17,7604.67,9097.86,9461.19,9053.79,11588.7,78701.2,16277.6,21165.8,12856.1,13060.2,12277.3,11698.5,13996.2,15038,12481.4,11407,10111.8,10657.5,12183.8,10690.6,9676.66
12.2,10501.7,10208.3,11056.1,9869.9,9321.52,8752.78,8428.68,7478.83,9452.04,7342.26,7478.83,47869.4,10762.7,16268.4,10891.1,10271.4,11323.2,12540.2,11266.2,10006.5,11164.2,9623.17,10473.2,9213.45,9551.86,9213.45,9716.93
12.6,8594.4,10458.2,8795.46,9885.53,8985.91,7112.82,8269.3,10247.9,9196.24,7848.64,7723.93,23917.5,13737.9,12551.6,11032.7,10047.5,11844.9,11213.9,12551.6,9741.61,13517.6,8956.76,5945.72,6615.81,11835,8814.67,9100.68
13.1,7546.1,7458.52,5876.11,9638.35,9444.07,6512.29,8113.82,7516.4,7921.05,6494.68,8152.59,19340.1,10851.3,9165.23,9338.89,9568.37,9848.72,9655.95,10052.1,5858.5,7931.63,9414.38,8779.7,7276.33,10572.5,7072.98,5367.78
13.6,6653,8196.97,7720.04,8395.02,7152.93,10362.9,8126.41,8896.55,6052.45,5900.38,5463.95,14226.4,10210.8,11882.3,7928.54,9562.68,9631.65,6935.76,9433.6,8979.65,8219.96,7430.21,8656.39,7783.53,8718.29,8596.27,5315.75
14.1,5951,5821.99,7404.98,7672.21,6397.47,8667.83,6775.46,8038.32,4960.75,6641.07,6115.67,10336.3,10339,8677.03,8754.69,8077.79,10074.3,9991.24,9376.29,8059.4,8401.74,8218.69,7117.81,5608.66,7498.35,6562.13,7054.57
14.6,5917.7,6334.01,7339.09,4704.4,6083.52,6547.17,6758.78,5487.86,4335.43,6403.33,6381.35,9124.5,9180.3,7542.24,7878.95,8449.25,7442.49,5181.58,8019.41,5934.61,8488.13,7555.76,5667.21,7087.04,5071.55,5278.09,4100.29
15.1,6162.4,7232.75,7089.82,5576.78,5953.71,5611.91,5199.85,4786.17,5513.91,4546.05,5820.59,8303.11,8058.49,8888.73,6437.64,7196.82,5959.84,5678.47,7263.38,6783.95,7986.62,6988.13,6193.02,6615.7,4754.73,7539.44,5718.9
15.7,6571.18,4498.18,6258.45,6033.99,6416.9,5457.54,4920.35,4273.73,5387.47,4207.82,7306.18,8736.83,8199.64,7372.19,6861.54,6320.18,5175.63,6394.53,6606.27,5739.46,5264,5690.44,5012.9,5453.37,5999,5558.54,5611.82
16.3,4505.05,3525.66,6341.62,4948.3,4709.57,4592.64,4917.34,4151.02,3998.24,4979.26,4592.64,7944.74,6963.72,8087.34,6016.92,5510.11,4681.86,6034.44,5783.07,4626.86,5070.12,6750.65,3766.02,4831.38,6101.25,4444.76,5692.22
16.8,4050.93,4380.27,4046.38,4681.57,4212.4,4652.02,5040.45,5372.81,3499.51,3198.21,3799.3,7438.65,6306.27,6001.93,5723.78,6915.26,6001.93,3859.91,5699.12,6172.83,7244.6,5560.8,4818.37,4077.45,4512.18,3634.8,3799.3
17.5,2746.6,4025.31,3628.39,4523.14,3316.14,3683.52,3613.78,5009.98,5715.53,4453.4,2832.91,6904.31,5976.43,6948.14,6077.35,5362.76,4214.5,4864.92,4907.1,4468.01,4451.44,4523.14,5245.27,3939,5445.45,4350.52,4317.38
18.1,3803.06,4540.65,3748.18,3514.74,3438.56,3758.15,4925.08,3524.7,3846.6,3067.78,2979.33,6403.95,6133.25,5113.61,4931.36,5790.05,4697.91,4883.85,5274.56,4237.3,5113.61,4668.03,4179.83,3730.56,3109.01,4317.17,3322.53
18.8,3870.65,3547.19,4006.59,4050.68,3177.8,3367.16,2895.04,4245.26,2920.46,3649.91,2498.38,6508.35,6203.55,5406.13,5260.85,4425.29,6004.86,4919.46,5260.85,3801.95,4460.05,4636.7,3943.84,3997.26,3311.9,3739.93,2880.48
19.5,3071.24,3197,4041.15,3629.86,3229.28,2489.39,3724.16,3185.39,2838.66,2448.87,3650.54,5222.97,6004.2,5087.24,4780.22,5042.53,2193.07,4104.89,2734.39,4494.69,2975.21,4716.47,5043.35,3008.31,3830.98,3968.34,3071.24
20.2,3771.86,3059.72,2981.69,2613.23,3264.75,3407.09,3375.55,3564.38,3613.34,4137.87,2931.51,5596.14,4342.89,5345.46,4881.55,3407.09,3720.45,3456.04,2762.54,4438.73,3724.14,3456.04,3185.48,3314.93,2743.9,3186.71,3612.11
20.9,2492.68,3457.91,2404.86,2602.46,2374.08,2928.87,3108.08,2586.9,2337.85,2289.71,3262.54,5116.53,4380.41,4110.1,4039.84,2813.46,3661.37,4490.72,2781.35,3712.23,3602.12,3149.96,2253.58,3125.72,4304.33,3149.12,2934.22
21.7,2893.73,3592.3,2821.88,3045.59,2423.27,2342.31,2875.64,2648.54,2461.05,2158.9,2572.12,4405.31,4106.33,3111.12,3464.6,2997.79,3728.97,2886.29,3108.79,2778.94,3223.75,3599.26,3046.47,3904.84,2230.99,2963.32,1912.41
22.5,3546.82,2470.01,2642.65,2775.54,2358.79,2071.18,3205.25,2316.16,1732.15,2734.57,2046.31,4974.54,3214.59,3487.47,2906.2,3992.7,2927.57,2915.41,2907.37,3354.2,2905.35,3043.5,2878.66,3486.93,2703.85,1787.47,2735
23.3,2614.09,1725.66,2676.98,2980.83,2070.9,2412.64,1978.31,2679.8,3061.51,2347.32,1793.16,4181.78,3422.37,3263.35,4023.28,3370.14,2403.99,2853.34,1834.35,2926.56,2845.07,2673.56,3003.98,2071.6,2053.39,2058.86,2470.26
24.1,2727.22,2988.57,2432.7,1888.21,1655.71,1965.23,2479.13,2334.92,3116.76,2102.43,3370.92,3563.44,2998.38,2576.66,3307.99,2998.65,3337.73,2618.81,2999.74,2015.9,2318.59,2280.28,1989.72,2090.53,2948.97,1515.1,2133.2
25,2676.95,2599.45,2232.18,2302.4,1856.52,2378.97,2225.56,1942.33,1738.66,1659.58,2082.51,3503.54,2492.37,3139.63,3091.52,2007.39,2062.73,2269.84,2068.02,2557.47,2166.6,2201.46,2596.41,2341.03,1674.14,2159.52,2566.73
25.9,2337.52,2358.56,2235.9,2144.79,2218.32,2199.92,1772.38,2328.69,2102.04,2259.44,1883.72,4075.01,3313.51,2725.19,3330.74,2299.32,2613.87,2334.81,2297.27,3617.33,2328.42,1977.82,2154.02,2318.4,2515.31,2299.55,2046.45
26.9,1897.22,1921.02,2105.79,1780.15,1337.57,1844.52,1849.07,1455.95,1751.57,2130.77,2026.25,2887.77,2768.65,3273.61,2563.3,2685.65,2044.82,1841.47,2098.93,2416.4,2360.08,1753.09,1858.31,2269.61,1988.77,1837.21,1954.09
27.9,2173.82,1363.52,2070.8,1452.67,1533.93,1607.45,1766.45,1943.04,1394.3,1789.83,1723.43,3397.21,2739.43,2885.45,3007.6,2388.77,2193.19,2387.58,2193.5,2185.87,2252.16,2457.06,2090.19,1583.34,1907.72,1736.2,1742.52
28.9,1238.8,1774.62,2141.7,1774.48,1096.47,1585.01,1548.27,1329.55,1416.13,1729.35,1578.79,3207.85,1929.96,2843.55,1579.98,3038.11,2093.89,2231.77,2186.29,2304.93,1875.59,2368.55,1930.24,1800.39,1795.34,1532.7,1479.28
30,1471.11,1648.04,1621.89,1281.52,1734.08,1528.41,1811.08,1778.43,1229.09,1711.94,1994.28,2670.29,2248.04,3131.88,2129.24,2143.68,2748.57,1756.29,2007.02,1711.11,2013.08,1714.71,2054.05,1158.02,1336.18,1866.02,1979.25
31.1,1973.24,1194.21,1625.46,2309.43,1656.44,1342.88,1171.57,1754.68,1776.43,1632.12,1597.17,2595.89,2289.39,1979.55,2414.86,1809.96,1968.6,2005.44,1664.28,1860.34,2338.09,1292.24,1194.79,1212.4,1520.29,1551.18,1335.96
32.2,1179.36,1414.62,1432.01,1764.81,1619.95,1215.4,1345.8,1271.38,1191.06,1335.78,1652.9,1957.75,2185.04,2240.76,2129.52,1484.83,2146.79,1865.18,1939.35,1731.79,1455.72,1100.51,1193.41,1112.99,1704.39,1391.11,1888.21
33.4,1358.84,1126.34,1338.83,1311.99,1723.63,1723.48,1240.14,1195.64,1508.18,1124.02,1652.77,2170.3,2099.41,1954.71,1536.7,2038.36,1697.28,1411.69,1922.66,1648.21,1900.96,1516.81,1692.47,1312.3,1818.23,1160.68,1128.35
34.6,1454.3,1009.98,1221.94,1953.08,1556.48,1691.25,1240.3,1483.09,1418.7,1406.04,1031.9,2076.42,1783.43,1537.68,1822.96,1672.47,1581.24,1556.79,1627.23,1547.33,1400.49,1721.63,1198.7,1131.11,1374.38,1508.46,1332.89
35.9,1468.41,1366.13,1443.7,1210.61,1252.56,1328.76,1352.95,983.937,1203.26,1194.15,1106.4,1725.25,2176.22,1684.45,1704,1939.54,1942.67,1194.87,1722.64,1844.84,1879.6,1392.2,1518.28,1515.72,1583.4,1192.06,1028.65
37.2,1310.9,1335.21,1198.54,1421.6,1495.72,954.944,1561.57,1278.89,1066.29,1118.93,1366.88,1430.78,1919.87,1385.69,1270.7,1572.99,1680.19,2235.44,1268.15,1166.2,1264.43,999.295,1101.66,1687.79,1394.14,1573.83,1178.65
38.5,1253.82,1474.51,1402.59,1566.96,953.608,1004.8,1377.75,1250.88,1242.2,1154.65,902.63,1713.58,1836.12,1610.51,1560.4,1482.47,1039.94,1568.97,1260.16,1638.29,1657.22,1012.8,965.9,1263.51,1306.1,1321.66,1187.75
40,1110.86,1179.96,1261.55,1048.31,936.773,894.893,1233.45,803.216,889.905,1269.37,835.074,1729.53,2099.65,1223.69,1397.67,1566.11,1629.26,1478.82,1637.89,1335.87,1198.71,1192.13,1531.21,1651.84,1610.12,1083.83,882.243
41.4,1203.26,1484.95,1093.21,966.89,1517.71,959.482,969.486,834.205,1077.7,985.663,935.551,1284.47,1570.23,1544.37,1472.41,1536.29,1509.73,1528.24,1332.53,1288.36,796.742,966.606,1352.89,1337.61,1374.7,1066.61,981.599
42.9,1149.42,990.796,1296.58,1111.22,1062.56,1022.68,952.765,945.699,1048.93,913.64,956.382,1237.23,1720.95,1426.13,1296.25,1295.88,1385.92,1144.51,1353.32,1191.8,835.017,1083.35,1295.35,1126.29,856.035,977.817,954.824
44.5,1019.55,1147.5,913.032,1168.83,700.935,1139.3,1127.28,993.315,832.128,694.86,1210.59,1301.13,1541.04,1513.55,1617.13,1640.84,1250.31,1114.38,948.158,1411.45,1205.14,1441.08,1151.46,1404.66,1079.08,923.761,897.158
46.1,1369.82,1179.38,914.558,958.269,1205.86,1058.97,1113.87,802.064,1034.93,1031.93,977.038,1569.01,1470.61,1245.66,811.882,1055.67,806.283,1052.03,1071.73,1331.94,1268.6,979.243,805.534,799.608,973.983,976.135,1034.59
47.8,813.49,819.331,1125.39,1105.93,924.139,931.057,911.225,944.683,874.499,856.111,900.952,1106.15,1001.64,900.024,1051.99,1549.62,920.713,1319.61,823.192,1007.95,1206.43,1466.53,922.212,977.253,755.434,1000.5,988.887
49.6,496.231,945.473,1152.48,905.571,892.878,1194.28,1050.19,929.925,803.017,827.482,967.66,1218.5,1206.03,1128.74,1255.86,1247.73,1069.4,818.523,1527.85,976.207,928.416,990.818,1228.35,1094.8,858.125,985.279,841.061
51.4,990.35,861.819,779.946,908.918,836.077,793.451,938.344,776.991,527.647,1035.94,762.082,1324.48,1595.08,1236.57,922.46,1179.29,819.382,817.597,1305.68,1010.76,1120.56,1058.5,937.63,819.162,963.524,933.373,735.911
53.3,744.725,1064.39,820.822,864.507,962.865,690.812,553.787,980.728,634.636,814.399,536.616,1512.92,1077.39,1373.41,1046.18,1090.37,854.799,1065.16,985.508,1039.02,1058.22,987.181,716.626,789.879,1246.12,901.867,852.174
55.2,918.421,787.725,999.168,895.972,779.361,701.617,668.141,760.334,783.273,757.797,777.063,1084.4,1014.33,1185.69,1032.89,1098.5,1124.43,1153.86,739.034,692.168,1018.02,1142.28,822.216,560.239,1115.9,687.807,775.476
57.3,795.653,721.782,816.059,734.941,990.36,747.87,811.458,664.617,793.242,749.836,733.529,1141.34,1243.22,914.631,624.259,895.477,1299.44,1209.04,795.155,991.887,720.508,935.508,1006.34,1054.4,662.808,739.983,587.683
59.4,670.941,704.643,778.353,734.046,964.495,833.151,763.683,1030.74,921.111,621.382,614.706,1182.3,1097.19,936.605,770.428,891.662,993.528,901.184,547.719,970.905,1106.66,759.058,654.326,598.472,685.803,877.865,600.827
61.5,856.27,980.046,703.819,1036.65,676.331,426.821,822.548,897.094,704.044,458.05,494.806,942.241,1012.48,1171.5,1359.26,989.444,698.499,795.597,994.641,938.436,950.28,928.61,923.464,803.122,866.492,744.705,633.087
63.8,801.635,822.689,724.116,968.989,667.717,774.018,896.946,580.806,584.367,503.063,686.876,1214.22,843.833,1202.29,942.409,1072.2,654.382,570.431,686.438,855.625,771.119,643.727,565.428,901.262,738.5,736.831,735.665
66.1,531.62,547.822,648.026,619.723,621.169,941.496,600.199,689.847,585.888,669.474,650.032,1050.32,960.861,933.307,893.573,976.037,872.761,838.402,763.133,610.413,795.27,656.647,731.434,710.136,882.69,607.892,804.491
68.5,645.422,709.42,629.156,660.15,483.346,666.449,869.013,628.054,486.893,577.881,628.112,718.095,855.011,804.233,844.512,892.474,594.353,646.22,672.571,853.069,610.102,812.194,703.752,446.644,647.639,602.678,818.463
71,610.618,645.497,556.016,676.083,488.565,658.707,653.108,590.998,489.152,639.312,385.9,819.338,748.06,942.511,803.062,647.625,768.618,854.549,843.146,580.026,457.493,832.018,611.804,667.527,552.026,493.713,763.941
73.7,603.053,432.945,562.308,573.229,531.415,456.486,565.323,605.896,644.691,867.111,441.784,533.123,900.07,667.011,765.331,976.899,911.063,599.501,448.678,894.71,600.315,896.855,502.644,718.717,648.462,591.645,577.923
76.4,581.307,468.024,487.598,813.026,429.876,700.077,658.895,581.856,512.76,477.376,488.562,898.374,914.895,505.208,666.37,741.741,471.349,606.193,580.482,399.416,813.349,481.291,570.155,548.909,665.013,626.364,511.561
79.1,593.4,646.335,524.638,433.424,363.217,440.013,499.179,516.858,479.097,329.818,504.41,596.211,621.222,655.077,807.861,890.619,537.129,565.727,649.315,790.894,537.883,381.439,551.82,513.27,439.231,477.029,480.883
82,592.078,349.095,777.461,327.61,451.762,477.323,587.409,598.882,426.964,453.446,351.992,545.525,685.634,698.669,656.58,847.818,768.16,675.776,587.62,521.753,599.605,509.894,588.356,334.382,450.319,769.928,708.829
85.1,390.122,781.012,555.997,698.983,593.516,434.533,505.274,534.74,465.93,511.595,502.448,815.362,662.626,870.363,820.629,715.841,503.18,789.127,477.755,737.007,590.949,582.072,509.275,414.598,515.896,405.595,616.71
88.2,807.506,524.406,527.136,507.252,438.896,483.359,545.144,422.053,442.679,555.056,410.624,759.567,630.271,787.734,757.052,633.748,596.877,701.507,435.405,524.633,756.809,682.028,475.018,484.202,383.752,530.364,704.898
91.4,416.626,459.016,615.205,473.372,478.097,574.51,579.231,429.606,519.888,503.76,406.803,1096.72,633.669,662.954,358.213,480.797,575.697,460.641,527.391,590.397,567.736,633.676,532.348,584.136,522.39,392.5,642.552
94.7,491.496,404.934,645.764,429.864,333.857,471.16,504.097,558.432,418.248,460.069,217.546,891.354,875.318,551.325,502.326,624.668,601.993,480.769,669.773,461.787,339.325,497.262,326.084,473.734,441.654,466.739,364.247
98.2,397.696,470.981,597.196,498.029,407.901,305.808,377.23,617.364,498.181,494.501,502.243,521.759,451.551,442.257,409.502,529.182,587.329,446.402,345.255,414.349,493.068,563.799,481.001,468.292,367.876,353.963,575.37
101.8,403.475,795.376,559.463,439.621,516.246,499.183,408.59,313.685,532.858,323.752,547.291,627.947,518.434,675.999,575.099,685.053,689.912,673.956,420.731,573.938,622.741,603.8,349.082,378.95,591.134,584.942,494.106
105.5,365.547,560.264,489.689,556.76,522.272,670.738,502.843,503.403,588.42,356.728,526.463,933.601,1080.21,883.791,686.407,748.492,635.601,559.706,673.469,589.883,636.116,663.026,597.619,483.812,590.887,626.169,516.439
109.4,790.99,630.372,630.456,524.762,651.903,702.076,550.973,472.172,599.063,630.372,671.197,683.13,817.285,817.285,661.586,850.929,719.107,793.241,642.221,692.812,704.577,522.595,496.133,654.417,589.631,692.812,596.813
113.4,577.641,685.382,343.608,419.893,565.814,558.803,568.366,518.072,529.755,630.055,696.922,844.963,744.807,754.226,673.124,735.245,766.27,954.826,668.522,761.093,673.268,842.842,763.788,577.784,544.207,790.284,503.62
117.6,501.968,742.874,501.968,698.27,640.749,570.388,481.104,541.274,549.057,558.943,615.374,857.37,797.201,903.914,767.236,730.884,667.76,655.225,640.749,669.701,634.057,690.487,625.261,809.736,654.68,657.329,551.706
121.9,670.713,584.388,556.538,633.953,762.408,672.189,550.811,508.681,582.912,508.45,603.862,987.574,789.546,759.456,738.275,807.544,643.574,609.286,676.848,657.374,617.431,657.374,541.493,721.754,785.829,492.159,439.412
126.3,711.904,715.266,601.474,688.638,541.357,601.474,613.527,378.723,486.21,523.976,498.263,801.454,925.964,600.003,796.621,786.459,702.162,710.433,748.198,708.047,527.833,678.971,556.909,661.034,626.63,652.343,514.309
131,570.352,481.471,547.92,524.692,439.046,563.271,482.002,393.917,416.349,442.36,564.068,838.716,881.937,858.974,664.721,838.982,623.436,585.438,694.577,557.518,750.101,767.31,639.849,308.006,636.27,596.363,619.857
135.8,622.036,557.116,543.01,530.227,523.862,530.756,519.7,464.248,458.412,494.716,464.512,625.615,820.588,825.015,756.25,644.763,909.348,812.496,605.356,622.301,553.218,647.549,543.274,722.996,575.734,677.753,690.271
140.7,708.376,482.564,541.428,447.313,630.067,649.46,535.901,571.152,590.013,472.233,623.957,728.986,608.099,607.568,590.596,755.071,710.124,728.351,622.067,712.014,827.269,702.848,667.066,561.455,503.174,460.065,475.871
145.9,576.762,667.306,605.277,566.592,519.541,608.921,550.937,443.974,493.992,399.804,568.796,682.961,751.602,668.747,687.369,716.561,625.74,740.268,824.201,537.4,753.042,600.192,709.273,552.377,609.322,601.632,458.952
151.2,700.346,560.879,424.267,546.652,440.64,469.805,509.614,483.304,391.521,403.584,482.595,976.545,1037.14,910.445,502.551,633.537,565.898,659.119,593.626,406.457,457.014,615.018,469.805,620.746,516.779,620.746,435.621
156.8,741.154,594.83,508.593,628.975,392.109,582.729,483.576,604.057,541.405,644.764,443.584,892.399,573.502,620.463,571.245,599.135,548.584,732.642,752.33,459.374,523.358,586.318,631.948,431.483,624.053,567.655,577.807
Scan Up Time(s),240,240,240,240,240,240,240,240,240,240,240,240,240,240,240,240,240,240,240,240,240,240,240,240,240,240,240
Retrace Time(s),60,60,60,60,60,60,60,60,60,60,60,60,60,60,60,60,60,60,60,60,60,60,60,60,60,60,60
Down Scan First,FALSE,FALSE,FALSE,FALSE,FALSE,FALSE,FALSE,FALSE,FALSE,FALSE,FALSE,FALSE,FALSE,FALSE,FALSE,FALSE,FALSE,FALSE,FALSE,FALSE,FALSE,FALSE,FALSE,FALSE,FALSE,FALSE,FALSE
Scans Per Sample,1,1,1,1,1,1,1,1,1,1,1,1,1,1,1,1,1,1,1,1,1,1,1,1,1,1,1
Impactor Type(cm),0.071,0.071,0.071,0.071,0.071,0.071,0.071,0.071,0.071,0.071,0.071,0.071,0.071,0.071,0.071,0.071,0.071,0.071,0.071,0.071,0.071,0.071,0.071,0.071,0.071,0.071,0.071
Sheath Flow(lpm),3,3,3,3,3,3,3,3,3,3,3,3,3,3,3,3,3,3,3,3,3,3,3,3,3,3,3
Aerosol Flow(lpm),0.3,0.3,0.3,0.3,0.3,0.3,0.3,0.3,0.3,0.3,0.3,0.3,0.3,0.3,0.3,0.3,0.3,0.3,0.3,0.3,0.3,0.3,0.3,0.3,0.3,0.3,0.3
CPC Inlet Flow(lpm),0.3,0.3,0.3,0.3,0.3,0.3,0.3,0.3,0.3,0.3,0.3,0.3,0.3,0.3,0.3,0.3,0.3,0.3,0.3,0.3,0.3,0.3,0.3,0.3,0.3,0.3,0.3
CPC Sample Flow(lpm),0.3,0.3,0.3,0.3,0.3,0.3,0.3,0.3,0.3,0.3,0.3,0.3,0.3,0.3,0.3,0.3,0.3,0.3,0.3,0.3,0.3,0.3,0.3,0.3,0.3,0.3,0.3
Low Voltage,25.5554,25.5554,25.5554,25.5554,25.5554,25.5554,25.5554,25.5554,25.5554,25.5554,25.5554,25.5554,25.5554,25.5554,25.5554,25.5554,25.5554,25.5554,25.5554,25.5554,25.5554,25.5554,25.5554,25.5554,25.5554,25.5554,25.5554
High Voltage,9357.87,9357.87,9357.87,9357.87,9357.87,9357.87,9357.87,9357.87,9357.87,9357.87,9357.87,9357.87,9357.87,9357.87,9357.87,9357.87,9357.87,9357.87,9357.87,9357.87,9357.87,9357.87,9357.87,9357.87,9357.87,9357.87,9357.87
Lower Size(nm),6.97831,6.97831,6.97831,6.97831,6.97831,6.97831,6.97831,6.97831,6.97831,6.97831,6.97831,6.97831,6.97831,6.97831,6.97831,6.97831,6.97831,6.97831,6.97831,6.97831,6.97831,6.97831,6.97831,6.97831,6.97831,6.97831,6.97831
Upper Size(nm),159.634,159.634,159.634,159.634,159.634,159.634,159.634,159.634,159.634,159.634,159.634,159.634,159.634,159.634,159.634,159.634,159.634,159.634,159.634,159.634,159.634,159.634,159.634,159.634,159.634,159.634,159.634
Density(g/cc),1.2,1.2,1.2,1.2,1.2,1.2,1.2,1.2,1.2,1.2,1.2,1.2,1.2,1.2,1.2,1.2,1.2,1.2,1.2,1.2,1.2,1.2,1.2,1.2,1.2,1.2,1.2
Title,,,,,,,,,,,,,,,,,,,,,,,,,,,
Status Flag,Normal Scan,Normal Scan,Normal Scan,Normal Scan,Normal Scan,Normal Scan,Normal Scan,Normal Scan,Normal Scan,Normal Scan,Normal Scan,Normal Scan,Normal Scan,Normal Scan,Normal Scan,Normal Scan,Normal Scan,Normal Scan,Normal Scan,Normal Scan,Normal Scan,Normal Scan,Normal Scan,Normal Scan,Normal Scan,Normal Scan,Normal Scan
td(s),2.93,2.93,2.93,2.93,2.93,2.93,2.93,2.93,2.93,2.93,2.93,2.93,2.93,2.93,2.93,2.93,2.93,2.93,2.93,2.93,2.93,2.93,2.93,2.93,2.93,2.93,2.93
tf(s),0.783657,0.783657,0.783657,0.783657,0.783657,0.783657,0.783657,0.783657,0.783657,0.783657,0.783657,0.783657,0.783657,0.783657,0.783657,0.783657,0.783657,0.783657,0.783657,0.783657,0.783657,0.783657,0.783657,0.783657,0.783657,0.783657,0.783657
D50(nm),1284.41,1284.41,1284.41,1284.41,1284.41,1284.41,1284.41,1284.41,1284.41,1284.41,1284.41,1284.41,1284.41,1284.41,1284.41,1284.41,1284.41,1284.41,1284.41,1284.41,1284.41,1284.41,1284.41,1284.41,1284.41,1284.41,1284.41
Median(nm),8.79633,8.97628,8.76664,9.06147,8.70513,8.84346,8.94954,8.70036,8.90136,9.03957,8.88592,11.3738,8.92969,8.87289,8.83604,8.99624,8.79054,8.81071,8.91586,8.97267,9.0916,8.99941,8.77857,8.97778,9.03641,8.89148,8.89773
Mean(nm),14.1144,14.1403,13.7823,14.4265,13.5444,14.1831,14.2775,13.6958,13.7316,14.1691,13.9344,15.2937,13.983,13.8063,13.7938,14.3193,13.6496,13.8749,14.0569,14.3248,14.5779,14.521,13.9999,14.1005,14.2844,14.038,14.5116
Geo. Mean(nm),10.9017,10.9795,10.7965,11.1588,10.6511,10.9817,11.0749,10.7468,10.8148,11.0414,10.8749,12.1684,10.967,10.8642,10.8665,11.0664,10.745,10.8193,10.9618,11.1184,11.2783,11.1898,10.9002,10.9984,11.1251,10.9197,11.1753
Mode(nm),7.36525,7.10497,7.36525,7.10497,7.10497,7.10497,7.36525,7.10497,7.10497,7.10497,7.10497,11.7574,7.10497,7.10497,7.10497,7.10497,7.36525,7.10497,7.10497,7.36525,7.10497,7.10497,7.10497,7.36525,7.36525,7.36525,7.36525
Geo. Std. Dev.,1.76516,1.7567,1.74199,1.77499,1.7266,1.76159,1.76814,1.73948,1.72568,1.75498,1.74767,1.73018,1.73871,1.73222,1.73253,1.77281,1.72516,1.74403,1.75048,1.77085,1.77724,1.77771,1.75267,1.75043,1.75586,1.74963,1.78027
Total Concentration(#/cm?),8866.75,8881.58,9210.51,8360.03,8994.17,8358.62,8202.35,8674.1,8524.4,7832.61,8254.18,11859.2,12554.2,12410.7,11364.5,10766.3,11150.2,10700.2,9955.84,9375.83,9106.31,9101.31,9022.13,8800.97,8847.64,8847.98,7796.44
Comment,,,,,,,,,,,,,,,,,,,,,,,,,,,
