#SEMS_140_RESULTS_170731_171645,,,,,,,,,,,,,,,,,,,,,,,,,,,,,,,,,,,,,,,,,,,,,,,,,,,,,,,,,,,,,,,,,,,,,,,,,,,,,,,,,,,,,,,,,,,,,,,,,,,,,,,,,,,,,,,,,,,,,,,,,,,,,,,,,,,,,,,,,,,,,,,,,,,,,,,,,,,,,,,,,,
#--------------------------------,,,,,,,,,,,,,,,,,,,,,,,,,,,,,,,,,,,,,,,,,,,,,,,,,,,,,,,,,,,,,,,,,,,,,,,,,,,,,,,,,,,,,,,,,,,,,,,,,,,,,,,,,,,,,,,,,,,,,,,,,,,,,,,,,,,,,,,,,,,,,,,,,,,,,,,,,,,,,,,,,,
#MCPC SN: 77,,,,,,,,,,,,,,,,,,,,,,,,,,,,,,,,,,,,,,,,,,,,,,,,,,,,,,,,,,,,,,,,,,,,,,,,,,,,,,,,,,,,,,,,,,,,,,,,,,,,,,,,,,,,,,,,,,,,,,,,,,,,,,,,,,,,,,,,,,,,,,,,,,,,,,,,,,,,,,,,,,
#Software Version: v4.0.0,,,,,,,,,,,,,,,,,,,,,,,,,,,,,,,,,,,,,,,,,,,,,,,,,,,,,,,,,,,,,,,,,,,,,,,,,,,,,,,,,,,,,,,,,,,,,,,,,,,,,,,,,,,,,,,,,,,,,,,,,,,,,,,,,,,,,,,,,,,,,,,,,,,,,,,,,,,,,,,,,,
#SEMS Firmware: 4.0,,,,,,,,,,,,,,,,,,,,,,,,,,,,,,,,,,,,,,,,,,,,,,,,,,,,,,,,,,,,,,,,,,,,,,,,,,,,,,,,,,,,,,,,,,,,,,,,,,,,,,,,,,,,,,,,,,,,,,,,,,,,,,,,,,,,,,,,,,,,,,,,,,,,,,,,,,,,,,,,,,
#,,,,,,,,,,,,,,,,,,,,,,,,,,,,,,,,,,,,,,,,,,,,,,,,,,,,,,,,,,,,,,,,,,,,,,,,,,,,,,,,,,,,,,,,,,,,,,,,,,,,,,,,,,,,,,,,,,,,,,,,,,,,,,,,,,,,,,,,,,,,,,,,,,,,,,,,,,,,,,,,,,
#Scan Configuration,,,,,,,,,,,,,,,,,,,,,,,,,,,,,,,,,,,,,,,,,,,,,,,,,,,,,,,,,,,,,,,,,,,,,,,,,,,,,,,,,,,,,,,,,,,,,,,,,,,,,,,,,,,,,,,,,,,,,,,,,,,,,,,,,,,,,,,,,,,,,,,,,,,,,,,,,,,,,,,,,,
#-------------------,,,,,,,,,,,,,,,,,,,,,,,,,,,,,,,,,,,,,,,,,,,,,,,,,,,,,,,,,,,,,,,,,,,,,,,,,,,,,,,,,,,,,,,,,,,,,,,,,,,,,,,,,,,,,,,,,,,,,,,,,,,,,,,,,,,,,,,,,,,,,,,,,,,,,,,,,,,,,,,,,,
#Scan Type: Up/Down,,,,,,,,,,,,,,,,,,,,,,,,,,,,,,,,,,,,,,,,,,,,,,,,,,,,,,,,,,,,,,,,,,,,,,,,,,,,,,,,,,,,,,,,,,,,,,,,,,,,,,,,,,,,,,,,,,,,,,,,,,,,,,,,,,,,,,,,,,,,,,,,,,,,,,,,,,,,,,,,,,
#Scan Max Dia (nm): 997,,,,,,,,,,,,,,,,,,,,,,,,,,,,,,,,,,,,,,,,,,,,,,,,,,,,,,,,,,,,,,,,,,,,,,,,,,,,,,,,,,,,,,,,,,,,,,,,,,,,,,,,,,,,,,,,,,,,,,,,,,,,,,,,,,,,,,,,,,,,,,,,,,,,,,,,,,,,,,,,,,
#Scan Min Dia (nm): 6,,,,,,,,,,,,,,,,,,,,,,,,,,,,,,,,,,,,,,,,,,,,,,,,,,,,,,,,,,,,,,,,,,,,,,,,,,,,,,,,,,,,,,,,,,,,,,,,,,,,,,,,,,,,,,,,,,,,,,,,,,,,,,,,,,,,,,,,,,,,,,,,,,,,,,,,,,,,,,,,,,
#Num Bins: 71,,,,,,,,,,,,,,,,,,,,,,,,,,,,,,,,,,,,,,,,,,,,,,,,,,,,,,,,,,,,,,,,,,,,,,,,,,,,,,,,,,,,,,,,,,,,,,,,,,,,,,,,,,,,,,,,,,,,,,,,,,,,,,,,,,,,,,,,,,,,,,,,,,,,,,,,,,,,,,,,,,
#Bin Time (sec): 1.00,,,,,,,,,,,,,,,,,,,,,,,,,,,,,,,,,,,,,,,,,,,,,,,,,,,,,,,,,,,,,,,,,,,,,,,,,,,,,,,,,,,,,,,,,,,,,,,,,,,,,,,,,,,,,,,,,,,,,,,,,,,,,,,,,,,,,,,,,,,,,,,,,,,,,,,,,,,,,,,,,,
#Sheath Setpoint (lpm): 2.90,,,,,,,,,,,,,,,,,,,,,,,,,,,,,,,,,,,,,,,,,,,,,,,,,,,,,,,,,,,,,,,,,,,,,,,,,,,,,,,,,,,,,,,,,,,,,,,,,,,,,,,,,,,,,,,,,,,,,,,,,,,,,,,,,,,,,,,,,,,,,,,,,,,,,,,,,,,,,,,,,,
#Total Plumbing Delay (sec): 2.64,,,,,,,,,,,,,,,,,,,,,,,,,,,,,,,,,,,,,,,,,,,,,,,,,,,,,,,,,,,,,,,,,,,,,,,,,,,,,,,,,,,,,,,,,,,,,,,,,,,,,,,,,,,,,,,,,,,,,,,,,,,,,,,,,,,,,,,,,,,,,,,,,,,,,,,,,,,,,,,,,,
#Scan Timing: Variable,,,,,,,,,,,,,,,,,,,,,,,,,,,,,,,,,,,,,,,,,,,,,,,,,,,,,,,,,,,,,,,,,,,,,,,,,,,,,,,,,,,,,,,,,,,,,,,,,,,,,,,,,,,,,,,,,,,,,,,,,,,,,,,,,,,,,,,,,,,,,,,,,,,,,,,,,,,,,,,,,,
#,,,,,,,,,,,,,,,,,,,,,,,,,,,,,,,,,,,,,,,,,,,,,,,,,,,,,,,,,,,,,,,,,,,,,,,,,,,,,,,,,,,,,,,,,,,,,,,,,,,,,,,,,,,,,,,,,,,,,,,,,,,,,,,,,,,,,,,,,,,,,,,,,,,,,,,,,,,,,,,,,,
#Hardware Configuration,,,,,,,,,,,,,,,,,,,,,,,,,,,,,,,,,,,,,,,,,,,,,,,,,,,,,,,,,,,,,,,,,,,,,,,,,,,,,,,,,,,,,,,,,,,,,,,,,,,,,,,,,,,,,,,,,,,,,,,,,,,,,,,,,,,,,,,,,,,,,,,,,,,,,,,,,,,,,,,,,,
#----------------------,,,,,,,,,,,,,,,,,,,,,,,,,,,,,,,,,,,,,,,,,,,,,,,,,,,,,,,,,,,,,,,,,,,,,,,,,,,,,,,,,,,,,,,,,,,,,,,,,,,,,,,,,,,,,,,,,,,,,,,,,,,,,,,,,,,,,,,,,,,,,,,,,,,,,,,,,,,,,,,,,,
#SEMS Type: Recirc,,,,,,,,,,,,,,,,,,,,,,,,,,,,,,,,,,,,,,,,,,,,,,,,,,,,,,,,,,,,,,,,,,,,,,,,,,,,,,,,,,,,,,,,,,,,,,,,,,,,,,,,,,,,,,,,,,,,,,,,,,,,,,,,,,,,,,,,,,,,,,,,,,,,,,,,,,,,,,,,,,
#Column Type: 1um,,,,,,,,,,,,,,,,,,,,,,,,,,,,,,,,,,,,,,,,,,,,,,,,,,,,,,,,,,,,,,,,,,,,,,,,,,,,,,,,,,,,,,,,,,,,,,,,,,,,,,,,,,,,,,,,,,,,,,,,,,,,,,,,,,,,,,,,,,,,,,,,,,,,,,,,,,,,,,,,,,
#High Voltage Polarity: Positive,,,,,,,,,,,,,,,,,,,,,,,,,,,,,,,,,,,,,,,,,,,,,,,,,,,,,,,,,,,,,,,,,,,,,,,,,,,,,,,,,,,,,,,,,,,,,,,,,,,,,,,,,,,,,,,,,,,,,,,,,,,,,,,,,,,,,,,,,,,,,,,,,,,,,,,,,,,,,,,,,,
#High Voltage Limit: 6000,,,,,,,,,,,,,,,,,,,,,,,,,,,,,,,,,,,,,,,,,,,,,,,,,,,,,,,,,,,,,,,,,,,,,,,,,,,,,,,,,,,,,,,,,,,,,,,,,,,,,,,,,,,,,,,,,,,,,,,,,,,,,,,,,,,,,,,,,,,,,,,,,,,,,,,,,,,,,,,,,,
#CPC A Type: MCPC 1720,,,,,,,,,,,,,,,,,,,,,,,,,,,,,,,,,,,,,,,,,,,,,,,,,,,,,,,,,,,,,,,,,,,,,,,,,,,,,,,,,,,,,,,,,,,,,,,,,,,,,,,,,,,,,,,,,,,,,,,,,,,,,,,,,,,,,,,,,,,,,,,,,,,,,,,,,,,,,,,,,,
#CPC A Flow Type: MCPC Sample Flow,,,,,,,,,,,,,,,,,,,,,,,,,,,,,,,,,,,,,,,,,,,,,,,,,,,,,,,,,,,,,,,,,,,,,,,,,,,,,,,,,,,,,,,,,,,,,,,,,,,,,,,,,,,,,,,,,,,,,,,,,,,,,,,,,,,,,,,,,,,,,,,,,,,,,,,,,,,,,,,,,,
#Column Flow: SEMS Sample Flow,,,,,,,,,,,,,,,,,,,,,,,,,,,,,,,,,,,,,,,,,,,,,,,,,,,,,,,,,,,,,,,,,,,,,,,,,,,,,,,,,,,,,,,,,,,,,,,,,,,,,,,,,,,,,,,,,,,,,,,,,,,,,,,,,,,,,,,,,,,,,,,,,,,,,,,,,,,,,,,,,,
#CPC B Connected: No,,,,,,,,,,,,,,,,,,,,,,,,,,,,,,,,,,,,,,,,,,,,,,,,,,,,,,,,,,,,,,,,,,,,,,,,,,,,,,,,,,,,,,,,,,,,,,,,,,,,,,,,,,,,,,,,,,,,,,,,,,,,,,,,,,,,,,,,,,,,,,,,,,,,,,,,,,,,,,,,,,
#Sheath RH Sensor: Yes,,,,,,,,,,,,,,,,,,,,,,,,,,,,,,,,,,,,,,,,,,,,,,,,,,,,,,,,,,,,,,,,,,,,,,,,,,,,,,,,,,,,,,,,,,,,,,,,,,,,,,,,,,,,,,,,,,,,,,,,,,,,,,,,,,,,,,,,,,,,,,,,,,,,,,,,,,,,,,,,,,
#Sample RH Sensor: Yes,,,,,,,,,,,,,,,,,,,,,,,,,,,,,,,,,,,,,,,,,,,,,,,,,,,,,,,,,,,,,,,,,,,,,,,,,,,,,,,,,,,,,,,,,,,,,,,,,,,,,,,,,,,,,,,,,,,,,,,,,,,,,,,,,,,,,,,,,,,,,,,,,,,,,,,,,,,,,,,,,,
#Sample LFE: Yes,,,,,,,,,,,,,,,,,,,,,,,,,,,,,,,,,,,,,,,,,,,,,,,,,,,,,,,,,,,,,,,,,,,,,,,,,,,,,,,,,,,,,,,,,,,,,,,,,,,,,,,,,,,,,,,,,,,,,,,,,,,,,,,,,,,,,,,,,,,,,,,,,,,,,,,,,,,,,,,,,,
#Sample Excess Pump: No,,,,,,,,,,,,,,,,,,,,,,,,,,,,,,,,,,,,,,,,,,,,,,,,,,,,,,,,,,,,,,,,,,,,,,,,,,,,,,,,,,,,,,,,,,,,,,,,,,,,,,,,,,,,,,,,,,,,,,,,,,,,,,,,,,,,,,,,,,,,,,,,,,,,,,,,,,,,,,,,,,
#Impactor Threshold: 20,,,,,,,,,,,,,,,,,,,,,,,,,,,,,,,,,,,,,,,,,,,,,,,,,,,,,,,,,,,,,,,,,,,,,,,,,,,,,,,,,,,,,,,,,,,,,,,,,,,,,,,,,,,,,,,,,,,,,,,,,,,,,,,,,,,,,,,,,,,,,,,,,,,,,,,,,,,,,,,,,,
#,,,,,,,,,,,,,,,,,,,,,,,,,,,,,,,,,,,,,,,,,,,,,,,,,,,,,,,,,,,,,,,,,,,,,,,,,,,,,,,,,,,,,,,,,,,,,,,,,,,,,,,,,,,,,,,,,,,,,,,,,,,,,,,,,,,,,,,,,,,,,,,,,,,,,,,,,,,,,,,,,,
#Plumbing/Diffusion Configuration,,,,,,,,,,,,,,,,,,,,,,,,,,,,,,,,,,,,,,,,,,,,,,,,,,,,,,,,,,,,,,,,,,,,,,,,,,,,,,,,,,,,,,,,,,,,,,,,,,,,,,,,,,,,,,,,,,,,,,,,,,,,,,,,,,,,,,,,,,,,,,,,,,,,,,,,,,,,,,,,,,
#--------------------------------,,,,,,,,,,,,,,,,,,,,,,,,,,,,,,,,,,,,,,,,,,,,,,,,,,,,,,,,,,,,,,,,,,,,,,,,,,,,,,,,,,,,,,,,,,,,,,,,,,,,,,,,,,,,,,,,,,,,,,,,,,,,,,,,,,,,,,,,,,,,,,,,,,,,,,,,,,,,,,,,,,
#Diffusion Correction Enabled: Yes,,,,,,,,,,,,,,,,,,,,,,,,,,,,,,,,,,,,,,,,,,,,,,,,,,,,,,,,,,,,,,,,,,,,,,,,,,,,,,,,,,,,,,,,,,,,,,,,,,,,,,,,,,,,,,,,,,,,,,,,,,,,,,,,,,,,,,,,,,,,,,,,,,,,,,,,,,,,,,,,,,
#Nafion Dryer: Yes,,,,,,,,,,,,,,,,,,,,,,,,,,,,,,,,,,,,,,,,,,,,,,,,,,,,,,,,,,,,,,,,,,,,,,,,,,,,,,,,,,,,,,,,,,,,,,,,,,,,,,,,,,,,,,,,,,,,,,,,,,,,,,,,,,,,,,,,,,,,,,,,,,,,,,,,,,,,,,,,,,
#Charger Type: X-Ray,,,,,,,,,,,,,,,,,,,,,,,,,,,,,,,,,,,,,,,,,,,,,,,,,,,,,,,,,,,,,,,,,,,,,,,,,,,,,,,,,,,,,,,,,,,,,,,,,,,,,,,,,,,,,,,,,,,,,,,,,,,,,,,,,,,,,,,,,,,,,,,,,,,,,,,,,,,,,,,,,,
#Upstream Tubing Length (cm): 23.0,,,,,,,,,,,,,,,,,,,,,,,,,,,,,,,,,,,,,,,,,,,,,,,,,,,,,,,,,,,,,,,,,,,,,,,,,,,,,,,,,,,,,,,,,,,,,,,,,,,,,,,,,,,,,,,,,,,,,,,,,,,,,,,,,,,,,,,,,,,,,,,,,,,,,,,,,,,,,,,,,,
#Downstream Tubing Length (cm): 38.0,,,,,,,,,,,,,,,,,,,,,,,,,,,,,,,,,,,,,,,,,,,,,,,,,,,,,,,,,,,,,,,,,,,,,,,,,,,,,,,,,,,,,,,,,,,,,,,,,,,,,,,,,,,,,,,,,,,,,,,,,,,,,,,,,,,,,,,,,,,,,,,,,,,,,,,,,,,,,,,,,,
#Downstream Tube ID (cm): 0.5,,,,,,,,,,,,,,,,,,,,,,,,,,,,,,,,,,,,,,,,,,,,,,,,,,,,,,,,,,,,,,,,,,,,,,,,,,,,,,,,,,,,,,,,,,,,,,,,,,,,,,,,,,,,,,,,,,,,,,,,,,,,,,,,,,,,,,,,,,,,,,,,,,,,,,,,,,,,,,,,,,
#Plumbing Time Adjust (sec): 0.0,,,,,,,,,,,,,,,,,,,,,,,,,,,,,,,,,,,,,,,,,,,,,,,,,,,,,,,,,,,,,,,,,,,,,,,,,,,,,,,,,,,,,,,,,,,,,,,,,,,,,,,,,,,,,,,,,,,,,,,,,,,,,,,,,,,,,,,,,,,,,,,,,,,,,,,,,,,,,,,,,,
#,,,,,,,,,,,,,,,,,,,,,,,,,,,,,,,,,,,,,,,,,,,,,,,,,,,,,,,,,,,,,,,,,,,,,,,,,,,,,,,,,,,,,,,,,,,,,,,,,,,,,,,,,,,,,,,,,,,,,,,,,,,,,,,,,,,,,,,,,,,,,,,,,,,,,,,,,,,,,,,,,,
#Transformations/Corrections,,,,,,,,,,,,,,,,,,,,,,,,,,,,,,,,,,,,,,,,,,,,,,,,,,,,,,,,,,,,,,,,,,,,,,,,,,,,,,,,,,,,,,,,,,,,,,,,,,,,,,,,,,,,,,,,,,,,,,,,,,,,,,,,,,,,,,,,,,,,,,,,,,,,,,,,,,,,,,,,,,
#---------------------------,,,,,,,,,,,,,,,,,,,,,,,,,,,,,,,,,,,,,,,,,,,,,,,,,,,,,,,,,,,,,,,,,,,,,,,,,,,,,,,,,,,,,,,,,,,,,,,,,,,,,,,,,,,,,,,,,,,,,,,,,,,,,,,,,,,,,,,,,,,,,,,,,,,,,,,,,,,,,,,,,,
#Desmearing: N = N0 * exp( -t / tau ),,,,,,,,,,,,,,,,,,,,,,,,,,,,,,,,,,,,,,,,,,,,,,,,,,,,,,,,,,,,,,,,,,,,,,,,,,,,,,,,,,,,,,,,,,,,,,,,,,,,,,,,,,,,,,,,,,,,,,,,,,,,,,,,,,,,,,,,,,,,,,,,,,,,,,,,,,,,,,,,,,
#Tau: 0.250,,,,,,,,,,,,,,,,,,,,,,,,,,,,,,,,,,,,,,,,,,,,,,,,,,,,,,,,,,,,,,,,,,,,,,,,,,,,,,,,,,,,,,,,,,,,,,,,,,,,,,,,,,,,,,,,,,,,,,,,,,,,,,,,,,,,,,,,,,,,,,,,,,,,,,,,,,,,,,,,,,
#CPC Counting Efficiency: nu = 1 - (C0 / (1 + exp((Dp - C1)/C2))),,,,,,,,,,,,,,,,,,,,,,,,,,,,,,,,,,,,,,,,,,,,,,,,,,,,,,,,,,,,,,,,,,,,,,,,,,,,,,,,,,,,,,,,,,,,,,,,,,,,,,,,,,,,,,,,,,,,,,,,,,,,,,,,,,,,,,,,,,,,,,,,,,,,,,,,,,,,,,,,,,
#C0 = 1.025000,,,,,,,,,,,,,,,,,,,,,,,,,,,,,,,,,,,,,,,,,,,,,,,,,,,,,,,,,,,,,,,,,,,,,,,,,,,,,,,,,,,,,,,,,,,,,,,,,,,,,,,,,,,,,,,,,,,,,,,,,,,,,,,,,,,,,,,,,,,,,,,,,,,,,,,,,,,,,,,,,,
#C1 = 7.929000,,,,,,,,,,,,,,,,,,,,,,,,,,,,,,,,,,,,,,,,,,,,,,,,,,,,,,,,,,,,,,,,,,,,,,,,,,,,,,,,,,,,,,,,,,,,,,,,,,,,,,,,,,,,,,,,,,,,,,,,,,,,,,,,,,,,,,,,,,,,,,,,,,,,,,,,,,,,,,,,,,
#C2 = 0.845000,,,,,,,,,,,,,,,,,,,,,,,,,,,,,,,,,,,,,,,,,,,,,,,,,,,,,,,,,,,,,,,,,,,,,,,,,,,,,,,,,,,,,,,,,,,,,,,,,,,,,,,,,,,,,,,,,,,,,,,,,,,,,,,,,,,,,,,,,,,,,,,,,,,,,,,,,,,,,,,,,,
#,,,,,,,,,,,,,,,,,,,,,,,,,,,,,,,,,,,,,,,,,,,,,,,,,,,,,,,,,,,,,,,,,,,,,,,,,,,,,,,,,,,,,,,,,,,,,,,,,,,,,,,,,,,,,,,,,,,,,,,,,,,,,,,,,,,,,,,,,,,,,,,,,,,,,,,,,,,,,,,,,,
#=================================================,,,,,,,,,,,,,,,,,,,,,,,,,,,,,,,,,,,,,,,,,,,,,,,,,,,,,,,,,,,,,,,,,,,,,,,,,,,,,,,,,,,,,,,,,,,,,,,,,,,,,,,,,,,,,,,,,,,,,,,,,,,,,,,,,,,,,,,,,,,,,,,,,,,,,,,,,,,,,,,,,,
#StartDate,StartTime,EndDate,EndTime,ScanDirection,Sheath_Press,Sheath_Temp,Sheath_Avg,Sheath_Sdev,Sheath_RH\tColSamp_Avg,ColSamp_Sdev,ColSamp_RH,ColSamp_Temp,CPC_A_FlwAvg,CPC_A_Sdev,Sat_Temp,Cond_Temp,SEMS_Errors,MCPC_Errors,Impactr_Press,Bin_Dia1,Bin_Dia2,Bin_Dia3,Bin_Dia4,Bin_Dia5,Bin_Dia6,Bin_Dia7,Bin_Dia8,Bin_Dia9,Bin_Dia10,Bin_Dia11,Bin_Dia12,Bin_Dia13,Bin_Dia14,Bin_Dia15,Bin_Dia16,Bin_Dia17,Bin_Dia18,Bin_Dia19,Bin_Dia20,Bin_Dia21,Bin_Dia22,Bin_Dia23,Bin_Dia24,Bin_Dia25,Bin_Dia26,Bin_Dia27,Bin_Dia28,Bin_Dia29,Bin_Dia30,Bin_Dia31,Bin_Dia32,Bin_Dia33,Bin_Dia34,Bin_Dia35,Bin_Dia36,Bin_Dia37,Bin_Dia38,Bin_Dia39,Bin_Dia40,Bin_Dia41,Bin_Dia42,Bin_Dia43,Bin_Dia44,Bin_Dia45,Bin_Dia46,Bin_Dia47,Bin_Dia48,Bin_Dia49,Bin_Dia50,Bin_Dia51,Bin_Dia52,Bin_Dia53,Bin_Dia54,Bin_Dia55,Bin_Dia56,Bin_Dia57,Bin_Dia58,Bin_Dia59,Bin_Dia60,Bin_Dia61,Bin_Dia62,Bin_Dia63,Bin_Dia64,Bin_Dia65,Bin_Dia66,Bin_Dia67,Bin_Dia68,Bin_Dia69,Bin_Dia70,Bin_Dia71,Bin_Conc1,Bin_Conc2,Bin_Conc3,Bin_Conc4,Bin_Conc5,Bin_Conc6,Bin_Conc7,Bin_Conc8,Bin_Conc9,Bin_Conc10,Bin_Conc11,Bin_Conc12,Bin_Conc13,Bin_Conc14,Bin_Conc15,Bin_Conc16,Bin_Conc17,Bin_Conc18,Bin_Conc19,Bin_Conc20,Bin_Conc21,Bin_Conc22,Bin_Conc23,Bin_Conc24,Bin_Conc25,Bin_Conc26,Bin_Conc27,Bin_Conc28,Bin_Conc29,Bin_Conc30,Bin_Conc31,Bin_Conc32,Bin_Conc33,Bin_Conc34,Bin_Conc35,Bin_Conc36,Bin_Conc37,Bin_Conc38,Bin_Conc39,Bin_Conc40,Bin_Conc41,Bin_Conc42,Bin_Conc43,Bin_Conc44,Bin_Conc45,Bin_Conc46,Bin_Conc47,Bin_Conc48,Bin_Conc49,Bin_Conc50,Bin_Conc51,Bin_Conc52,Bin_Conc53,Bin_Conc54,Bin_Conc55,Bin_Conc56,Bin_Conc57,Bin_Conc58,Bin_Conc59,Bin_Conc60,Bin_Conc61,Bin_Conc62,Bin_Conc63,Bin_Conc64,Bin_Conc65,Bin_Conc66,Bin_Conc67,Bin_Conc68,Bin_Conc69,Bin_Conc70,Bin_Conc71,
,,,,,,,,,,,,,,,,,,,,,,,,,,,,,,,,,,,,,,,,,,,,,,,,,,,,,,,,,,,,,,,,,,,,,,,,,,,,,,,,,,,,,,,,,,,,,,,,,,,,,,,,,,,,,,,,,,,,,,,,,,,,,,,,,,,,,,,,,,,,,,,,,,,,,,,,,,,,,,,,,,
170731,17:17:33,170731,17:18:45,1,1007,302.1,2.9,0.012,36,0.34,0.002,34,303.2,0.37,0,318.3,293.2,0,0,1.3,6.19,6.58,6.99,7.43,7.9,8.39,8.92,9.48,10.08,10.72,11.4,12.12,12.89,13.7,14.57,15.5,16.49,17.54,18.66,19.85,21.12,22.48,23.92,25.47,27.11,28.87,30.74,32.75,34.89,37.18,39.63,42.25,45.06,48.06,51.29,54.74,58.46,62.45,66.73,71.35,76.33,81.69,87.48,93.75,100.52,107.87,115.85,124.52,133.97,144.27,155.53,167.85,181.37,196.23,212.59,230.63,250.58,272.67,297.17,324.4,354.69,388.46,426.13,468.22,515.28,567.95,626.95,693.08,767.26,850.53,944.05,0,0,126.72,298.6,515.47,737.29,904.12,955.61,941.25,1072.08,1543.82,2517.21,4065.31,5908.59,7413.41,8177.39,8511.08,9110.65,10097.66,11219.75,12782.58,14891.33,18108.59,24157.5,30989.75,32942.32,28746.79,22775.68,18986.39,18874.87,26717.75,47160.7,81383.09,116946.04,136403.82,138981.58,134730.54,123797.39,116809.39,113783,112704.95,114611.14,118943.71,124761.2,130411.28,137081.25,141659.97,144613.94,147821.91,148049.73,143141.03,130462.2,117177.56,95699.4,74607.91,59158.68,44117.19,34730.94,28059.36,25068.75,20000.21,17227.45,13340.74,10634.01,8133.04,6303.23,5311.04,4012.14,2953.89,2125.2,2251.34
170731,17:19:04,170731,17:20:16,0,1007,302.2,2.91,0.013,36,0.34,0,34,303.2,0.37,0,318.2,293.1,0,0,1.3,6.19,6.58,6.99,7.43,7.9,8.39,8.92,9.48,10.08,10.72,11.4,12.12,12.89,13.7,14.57,15.5,16.49,17.54,18.66,19.85,21.12,22.48,23.92,25.47,27.11,28.87,30.74,32.75,34.89,37.18,39.63,42.25,45.06,48.06,51.29,54.74,58.46,62.44,66.73,71.35,76.33,81.69,87.48,93.75,100.52,107.87,115.85,124.52,133.97,144.27,155.53,167.85,181.37,196.23,212.59,230.63,250.58,272.67,297.17,324.39,354.69,388.46,426.13,468.22,515.28,567.95,626.95,693.08,767.26,850.53,944.05,6537.39,6492.62,5313.86,4329.38,3633.49,3357.25,3777.67,5335.1,8727.71,15021.29,25085.49,38283.61,51820.58,61622.41,64839.69,61925.62,55024.62,47227.65,42249.36,41527.29,44328.12,50337.84,58767.41,66196.13,70424.15,73946.39,80196.62,87884.91,92269.75,96658.02,102206.82,108876.73,115009,124530.31,132031.32,139630.04,143051.33,146903.85,146379.1,142797.03,142640.24,146515.53,147264.87,152845.97,156051.29,164411.63,168196.29,170490.48,168704.24,161202.36,153997.55,143610.78,124349.48,100510.07,80693.26,60887.2,43925.72,35583.65,27983.54,23954.97,21521.14,17949.68,17230.9,13727.89,11399.4,10022.94,8290,6461.35,4597.01,3403.45,2512.18
170731,17:20:34,170731,17:21:47,1,1007,302.2,2.89,0.009,36,0.34,0,34,303.2,0.369,0,318.3,293.3,0,0,1.3,6.19,6.58,6.99,7.43,7.9,8.39,8.92,9.48,10.08,10.72,11.4,12.12,12.88,13.7,14.57,15.5,16.48,17.53,18.65,19.85,21.12,22.47,23.92,25.46,27.11,28.86,30.74,32.74,34.88,37.17,39.62,42.24,45.05,48.05,51.27,54.73,58.44,62.43,66.71,71.33,76.3,81.66,87.45,93.71,100.49,107.83,115.81,124.47,133.91,144.21,155.46,167.78,181.29,196.14,212.48,230.52,250.45,272.52,297,324.21,354.48,388.21,425.86,467.91,514.93,567.55,626.49,692.56,766.67,849.85,943.28,0,0,185.4,415.25,738.9,1219.95,1973.01,3246.74,5467.93,9339.24,15858.89,25603.54,37228.81,47611.71,54663.44,58647.68,60518.17,60836.36,60264.29,58801.58,56768.07,56256.53,58285.11,60377.98,61880.07,66286.69,71771.13,77783.1,86150.9,93531.37,100048.89,106136.3,113121.1,120387.28,126398.26,132912.82,142652.08,155251.79,171664.95,188874.97,195230.26,201583.04,204042.5,205875.62,202726.68,206685.72,211067.23,205676.76,200914.82,185437.71,171995.28,154345.47,130798.88,104729.45,82659.82,62027.69,46623.74,37355.88,30902.74,26810.36,23214.12,19747.77,17208.96,13559.83,10861.55,10127.72,8399.86,6731.19,4877.27,4005.55,3272.67
170731,17:22:05,170731,17:23:17,0,1007,302.2,2.9,0.007,36,0.34,0,34,303.2,0.369,0.001,318,292.9,0,0,1.3,6.19,6.58,6.99,7.43,7.9,8.39,8.92,9.48,10.08,10.72,11.4,12.12,12.88,13.7,14.57,15.5,16.48,17.53,18.65,19.85,21.12,22.47,23.92,25.46,27.11,28.86,30.74,32.74,34.88,37.17,39.62,42.24,45.05,48.05,51.27,54.73,58.44,62.43,66.71,71.33,76.3,81.66,87.45,93.71,100.49,107.83,115.8,124.47,133.91,144.21,155.46,167.78,181.29,196.13,212.48,230.51,250.45,272.52,297,324.2,354.48,388.21,425.85,467.9,514.92,567.55,626.49,692.56,766.66,849.85,943.28,1690.54,1551.24,1684.99,1548.71,1278.08,1116.67,1238.05,1763.41,2938.57,5185.49,8910.59,14336.21,21397.45,29388,36851.55,42108.29,44590.19,44905.82,43649.55,41355.5,39207.45,37542.42,35832.59,36824.54,41373.4,46000.94,51986.51,59528.04,69284.82,82116.9,97875.95,112419.24,119997.78,129688.04,141039.84,146126.92,156096.12,164979.95,174578.82,179958.38,187776.44,193450.36,199527.76,212523.22,217401.74,216512.27,217377.86,206950.34,202583.67,188081.74,174480.28,156257.94,132627.86,110805.39,84782.56,63353.64,49241.67,37278.92,28902.11,26541.4,22664.23,19341.57,17462.99,13888,11235.54,9853.09,8394.53,6470,4847.47,3658.23,3292.98
170731,17:23:35,170731,17:24:48,1,1007,302.3,2.89,0.009,36,0.34,0,34,303.3,0.369,0.001,318.2,293.1,0,0,1.3,6.19,6.58,6.99,7.43,7.9,8.39,8.92,9.48,10.08,10.72,11.4,12.12,12.88,13.7,14.57,15.5,16.48,17.53,18.65,19.85,21.12,22.47,23.92,25.46,27.11,28.86,30.74,32.74,34.88,37.17,39.62,42.24,45.05,48.05,51.27,54.73,58.44,62.43,66.71,71.33,76.3,81.66,87.45,93.71,100.49,107.83,115.81,124.47,133.91,144.21,155.46,167.78,181.29,196.14,212.48,230.52,250.45,272.52,297,324.21,354.48,388.21,425.86,467.91,514.93,567.55,626.49,692.56,766.67,849.85,943.28,215.47,0,314.55,672.18,1108.71,1666.22,2476.75,3819.77,6152.29,10104.9,16142.01,23879.32,31779.62,37634.39,40232.23,40529.19,40454.2,40501.88,39707.39,37778.11,35524.48,33401.63,32497.83,33852.5,36857.57,42580.07,49039.73,54519.81,64568.13,80428.46,97110.99,110845.68,122534.84,139956.23,159480.16,175163.38,192222.7,204805.08,209731.32,224288.05,240393.85,247596.36,251767.73,263224.33,271767.12,275059.04,272057.23,259289.93,241699.03,229673.64,205415.95,177764.2,147701.01,122170.15,92367.92,69625.19,51808.54,37926.7,31466.65,24192.58,22868.15,18059.6,16537.33,12951.1,12171.22,10452.13,8968.18,7247.56,4801.59,4030.76,3364.91
170731,17:25:06,170731,17:26:18,0,1006,302.3,2.9,0.013,36,0.34,0,34,303.3,0.37,0.001,318,292.9,0,0,1.3,6.19,6.58,6.99,7.43,7.9,8.39,8.92,9.48,10.08,10.72,11.4,12.12,12.88,13.7,14.57,15.5,16.48,17.53,18.65,19.85,21.12,22.47,23.92,25.46,27.11,28.86,30.74,32.74,34.88,37.17,39.62,42.24,45.05,48.05,51.28,54.73,58.44,62.43,66.72,71.33,76.3,81.67,87.46,93.72,100.49,107.84,115.81,124.48,133.92,144.22,155.47,167.78,181.29,196.14,212.49,230.52,250.45,272.52,297.01,324.21,354.48,388.22,425.86,467.91,514.93,567.55,626.49,692.56,766.67,849.85,943.28,1539.96,791.63,1570.04,2114.68,2307.49,2281.41,2319.6,2658.4,3422.44,4612.5,6178.79,8049.68,10288.26,13109.1,16335.52,19119.81,20978.2,21869.89,21888.86,22207.44,23253.37,23873.92,23907.74,24856.58,27979.34,33227.13,39228.99,44817.49,49990.56,58711.88,73278.98,90034.77,107430.25,124516.07,146419.95,168431.39,188670.24,202137.92,219106.11,245681.81,260810.9,270554.23,279469.04,279174.41,279029.12,271674.28,270192.05,265288.65,249009.78,227048.39,206973.21,181460.08,150056.74,126422.96,94053.15,67562.23,51254.31,38831.63,28429.11,23261,21196.6,17982.55,16601.69,14403.9,11229.14,10293.2,8114.24,6326.31,4753.64,3845.02,3292.15
170731,17:26:36,170731,17:27:48,1,1006,302.3,2.9,0.007,36,0.34,0,34,303.3,0.369,0,318.2,293.2,0,0,1.3,6.19,6.58,6.99,7.43,7.9,8.39,8.92,9.48,10.08,10.72,11.4,12.12,12.89,13.7,14.57,15.5,16.48,17.54,18.65,19.85,21.12,22.48,23.92,25.46,27.11,28.87,30.74,32.75,34.89,37.18,39.63,42.25,45.05,48.06,51.28,54.74,58.45,62.44,66.73,71.34,76.32,81.68,87.47,93.73,100.51,107.85,115.83,124.5,133.94,144.24,155.49,167.81,181.32,196.17,212.51,230.55,250.48,272.55,297.03,324.23,354.5,388.24,425.88,467.93,514.94,567.56,626.5,692.57,766.67,849.86,943.28,0,0,352.71,690.47,1084.38,1646.65,2471.2,3551.28,4783.47,6087.06,7571.4,9304.77,11067.94,12545.27,13752.94,15147.86,17031.87,18819.22,19613.56,19971.36,20534.09,20834.58,21157.02,22421.17,24793.97,29243.83,36537.7,43122.6,51679.17,61908.65,74227.85,87581.51,105573.83,124324.87,143605.06,164211.12,185012.33,213012.31,234804.51,256086.7,275172.07,291394.36,306396.33,310063.16,311478.89,304524.08,289413.32,281180.01,268923.51,242680.67,220558.23,196885.61,166218.98,129729.91,100892.82,74273.57,54825.06,41540.63,33224.94,27975.37,21879.87,18548.64,17597.14,14000.67,10711.04,9549.91,7954.68,6493.49,5149.36,3650.04,2626.54
170731,17:28:07,170731,17:29:19,0,1007,302.3,2.91,0.007,36,0.34,0,34,303.3,0.369,0.001,318.3,293.2,0,0,1.3,6.19,6.58,6.99,7.43,7.9,8.39,8.92,9.48,10.08,10.72,11.4,12.12,12.88,13.7,14.57,15.5,16.48,17.53,18.65,19.85,21.12,22.47,23.92,25.46,27.11,28.86,30.74,32.74,34.88,37.17,39.62,42.24,45.05,48.05,51.28,54.73,58.44,62.43,66.72,71.33,76.3,81.67,87.46,93.72,100.49,107.84,115.81,124.48,133.92,144.22,155.47,167.78,181.29,196.14,212.49,230.52,250.45,272.52,297.01,324.21,354.48,388.22,425.86,467.91,514.93,567.55,626.49,692.56,766.67,849.85,943.28,3267.56,3217.86,2796.92,2412.75,2181.51,2234.75,2661.11,3477.56,4562.63,5662.36,6462.17,6667.46,6322.86,5987.39,6087.61,6560.06,7206.47,8122.73,9633.87,11582.93,12744.25,13157.36,14231.36,16006.52,18319.88,21242.13,26112.74,31601.88,39545.99,51753.56,66737.57,81534.45,103118.23,129699.35,157102.26,187308.43,219122.66,251454.5,281005.64,303377.83,320822.83,340038.93,353349.17,353133.15,352739.42,350867.47,339527.77,321941.09,297958.34,268585.57,238157.23,205083.14,169321.09,132174.04,101459.66,75865.41,52993.43,37700.78,29376.62,24827.8,20892.86,18260.56,16570.88,13633.77,11193,9380.94,7462.01,6216.99,5137.55,4091.19,2544.73
170731,17:29:37,170731,17:30:49,1,1007,302.4,2.91,0.008,36,0.34,0,34,303.4,0.37,0.001,318,292.9,0,0,1.3,6.19,6.58,6.99,7.43,7.9,8.39,8.92,9.48,10.08,10.72,11.4,12.12,12.88,13.7,14.57,15.5,16.48,17.53,18.65,19.85,21.12,22.47,23.92,25.46,27.11,28.86,30.74,32.74,34.88,37.17,39.62,42.24,45.05,48.05,51.28,54.73,58.44,62.43,66.72,71.33,76.31,81.67,87.46,93.72,100.49,107.84,115.81,124.48,133.92,144.22,155.47,167.79,181.3,196.14,212.49,230.52,250.46,272.53,297.01,324.21,354.48,388.22,425.86,467.91,514.93,567.55,626.49,692.56,766.67,849.85,943.28,0,0,196.87,504.03,991.82,1727.25,2841.8,4381.34,5930.58,6819.08,6791.16,5932.23,4688.46,3810.66,3799.85,4821,6415.53,7771.71,9035.47,10381.57,11084.98,11402.45,12574.25,14315.9,16240.13,19711.1,25282.8,32264.52,41782.25,52617.84,64371.04,81299.12,101912.81,122960.12,142580.13,170124.45,198758.09,230020.45,255530.63,288635.92,328353.56,367755.68,389608.75,393740.74,397878.98,389674.77,372867.84,357504.31,339696.59,304038.92,277799.95,243073.05,200290.9,158667.77,121883.44,85913.6,63933.94,45993.63,33205.67,27404.9,23970.38,18683.38,16703.52,14280.99,11321.55,9559.97,7197.21,5796.26,5015.37,3401.53,2747.84
170731,17:31:07,170731,17:32:20,0,1007,302.4,2.91,0.008,36,0.34,0,34,303.4,0.369,0,318.3,293.2,0,0,1.2,6.19,6.58,6.99,7.43,7.9,8.39,8.92,9.48,10.08,10.72,11.4,12.12,12.88,13.7,14.57,15.5,16.48,17.53,18.65,19.85,21.12,22.47,23.92,25.46,27.11,28.86,30.74,32.74,34.88,37.17,39.62,42.24,45.05,48.05,51.28,54.73,58.44,62.43,66.72,71.34,76.31,81.67,87.46,93.72,100.5,107.84,115.82,124.49,133.93,144.23,155.48,167.8,181.31,196.16,212.51,230.54,250.48,272.55,297.04,324.25,354.52,388.27,425.92,467.97,515,567.63,626.59,692.67,766.79,849.99,943.44,576.02,0,308.71,497.54,529.51,480.72,453.34,518.78,742.69,1163.62,1666.81,1998.31,2057.93,1988.55,1933.91,2043.55,2483.25,3224.18,4240.26,5582.08,6850.46,8071.25,9661.7,11095.91,12524.34,14894.98,18705.27,24945.63,33159.93,44716.83,56359.41,71477.41,92549.41,117678.43,143500.48,173784.54,212134.32,249592.08,287354.38,323045.1,352860.89,375414.91,398552.99,402615.27,406661.5,405787.77,393498.21,368934.02,342814.41,315944.74,279043.94,234365.35,192534.53,149321.47,111995.86,81773.64,57714.79,39857.39,31332.1,24473.66,20065.4,17248.57,15720.05,13187.56,10404.35,9436.98,7925.42,5408.06,4955.12,3248.76,2715.05
170731,17:32:38,170731,17:33:50,1,1007,302.4,2.9,0.012,36,0.34,0,34,303.4,0.369,0,318.2,293.1,0,0,1.2,6.19,6.58,6.99,7.43,7.9,8.39,8.92,9.48,10.08,10.72,11.4,12.12,12.88,13.7,14.57,15.5,16.48,17.53,18.65,19.85,21.12,22.47,23.92,25.46,27.11,28.87,30.74,32.74,34.89,37.18,39.62,42.24,45.05,48.06,51.28,54.73,58.45,62.43,66.72,71.34,76.31,81.67,87.46,93.72,100.5,107.84,115.82,124.49,133.93,144.22,155.47,167.79,181.3,196.15,212.5,230.53,250.46,272.53,297.02,324.22,354.49,388.23,425.87,467.92,514.93,567.56,626.5,692.56,766.67,849.85,943.28,0,0,185.67,298.73,326.16,353.12,483.3,786.02,1223.66,1612.83,1797.53,1780.85,1681.1,1644.6,1727.99,1917.02,2277.38,3073.38,4423.77,5586.97,6197.44,6901.57,7769.94,9023.64,11167.02,14755.45,19505.79,26770.13,36240.53,46871.76,60078.81,81176.33,105652.73,133700.61,165686.08,203296.16,235578.09,268899.91,302629.88,330182.23,358048.51,376617.53,393200.54,398020.11,402783.58,405158,399032.6,382633.57,357649.6,325822.84,288923.59,247158.66,198692.16,158542.19,119846.74,86492.46,62110.21,43612.97,35890.61,26874.42,20910.51,18950.54,16952.82,13489.96,10814.01,9952.5,7983.62,6886.4,4854.28,3356.14,2608.26
170731,17:34:08,170731,17:35:21,0,1007,302.4,2.9,0.01,36,0.34,0.001,34,303.4,0.369,0,318.3,293.2,0,0,1.2,6.19,6.58,6.99,7.43,7.9,8.39,8.92,9.48,10.08,10.72,11.4,12.12,12.88,13.7,14.57,15.5,16.48,17.53,18.65,19.85,21.12,22.47,23.92,25.46,27.11,28.86,30.74,32.74,34.89,37.18,39.62,42.24,45.05,48.06,51.28,54.73,58.45,62.43,66.72,71.34,76.31,81.67,87.46,93.72,100.5,107.84,115.82,124.49,133.93,144.22,155.47,167.79,181.3,196.15,212.5,230.53,250.46,272.53,297.01,324.22,354.49,388.22,425.87,467.91,514.93,567.55,626.49,692.56,766.67,849.85,943.28,1951.21,1611.38,1524.82,1403.13,1224.34,1052.7,1037.5,1315.14,1886.96,2507.59,2794.01,2524.25,1910.06,1386.76,1118.79,1027.64,1075.43,1294.92,1737.7,2432.48,3229.82,4128.23,5402.78,7242.95,9490.01,11964.31,16156.61,21880.18,30153.64,41448.2,56244.58,77184.18,101368.69,128229.93,162090.73,194202.62,228653.67,270043.54,299092.9,326394.84,354737.06,385545.96,412251.05,431712.77,446357.15,448354.15,441423.15,422161.03,397111.71,358981.7,312644.73,259257.35,210448.77,164238.43,123395.26,88287.14,62488.6,42535.36,31312.14,27005.53,20936.31,17825.68,16401.81,12680.64,9862.03,8455.39,6567.42,5652.38,4459.02,2984.58,3047.88
170731,17:35:39,170731,17:36:51,1,1007,302.4,2.9,0.009,36,0.34,0.002,34,303.4,0.369,0,318.3,293.2,0,0,1.2,6.19,6.58,6.99,7.43,7.9,8.39,8.92,9.48,10.08,10.72,11.4,12.12,12.88,13.7,14.57,15.5,16.48,17.53,18.65,19.85,21.12,22.47,23.92,25.46,27.11,28.87,30.74,32.74,34.89,37.18,39.62,42.24,45.05,48.06,51.28,54.73,58.45,62.43,66.72,71.34,76.31,81.67,87.46,93.72,100.5,107.84,115.82,124.49,133.93,144.22,155.47,167.79,181.3,196.15,212.5,230.53,250.46,272.53,297.02,324.22,354.49,388.23,425.87,467.92,514.93,567.56,626.5,692.56,766.67,849.85,943.28,1970.35,2458.54,1471.29,882.54,696.43,732.77,937.87,1431.65,2237.53,3000.72,3218.97,2749.81,1904.63,1111.23,661.98,605.17,880.92,1390.58,1940.82,2336.22,2704.45,3530.87,5119.86,7042.02,9001.55,11790.24,16708.9,24225.5,34190.29,47897.1,62883.13,83391.04,107732.52,138816.45,175862.38,216646.64,257951.4,300201.93,349325.25,385159.6,414096.43,444254.33,461059.04,479259.36,497929.61,497987.36,496252.5,467874.1,420521.2,376618.27,329625.95,275133.79,224426.18,171797.63,129133.07,91461.45,64680.34,46391.98,35140.08,26980.97,21372.71,18638.69,16372.02,14087.66,10413.92,9477.9,7572.23,6454.55,4415.25,3309.48,2813.48
170731,17:37:09,170731,17:38:22,0,1007,302.4,2.91,0.009,36,0.339,0.002,34,303.4,0.369,0,318,293,0,0,1.2,6.19,6.58,6.99,7.43,7.9,8.39,8.92,9.48,10.08,10.72,11.4,12.12,12.88,13.7,14.57,15.5,16.48,17.53,18.65,19.85,21.12,22.47,23.92,25.46,27.11,28.86,30.74,32.74,34.89,37.18,39.62,42.24,45.05,48.06,51.28,54.73,58.45,62.43,66.72,71.34,76.31,81.67,87.46,93.72,100.5,107.84,115.82,124.49,133.93,144.22,155.47,167.79,181.3,196.15,212.5,230.53,250.46,272.53,297.01,324.22,354.49,388.22,425.87,467.91,514.93,567.55,626.49,692.56,766.67,849.85,943.28,1612.82,1616.75,1272.93,917.39,566.5,251.2,0,0,0,0,0,0,1457.06,1820.36,1333.49,865.78,673.67,729.39,1002.5,1537.14,2373.45,3289.38,4189.86,5367.07,6918.38,9515.59,13806.92,20121.1,28586.86,38335.6,51741.57,71892.99,96350.68,125598.08,160467.3,198557.5,241413.93,283955.32,326084.1,364288.9,398900.66,428168.79,456006.48,481669.9,491182.92,491224.78,482613.39,456231.83,418954.66,375052.01,323963.15,273079.46,221570.36,172802.5,126121.99,91840.31,64889.45,43822.53,31470.77,25136.58,21043.26,17293.37,15321.43,12327.36,9996.04,8935.96,7630.67,5952.39,4298.58,3521.77,2909.11
170731,17:38:40,170731,17:39:52,1,1007,302.4,2.9,0.01,36,0.34,0,34,303.5,0.372,0.002,318,292.9,0,0,1.3,6.19,6.58,6.99,7.43,7.9,8.39,8.92,9.48,10.08,10.72,11.4,12.12,12.88,13.7,14.57,15.5,16.48,17.53,18.65,19.85,21.12,22.47,23.92,25.46,27.11,28.87,30.74,32.74,34.89,37.18,39.62,42.24,45.05,48.06,51.28,54.73,58.45,62.43,66.72,71.34,76.31,81.67,87.46,93.72,100.5,107.84,115.82,124.49,133.93,144.22,155.47,167.79,181.3,196.15,212.5,230.53,250.46,272.53,297.02,324.22,354.49,388.23,425.87,467.92,514.93,567.56,626.5,692.56,766.67,849.85,943.28,657.33,808.75,589.72,514.82,586.06,775.02,1165.15,1811.47,2347.72,2274.95,1842.27,1506.76,1248.85,865.14,520.28,392.92,452.97,656.92,1011.08,1529.32,2235.56,3120.83,4045.4,5297.55,7590.65,11078.29,15871.84,22155.62,31064.1,45657.56,64498.44,82257.09,104765.57,133449.76,165844.92,202026.76,248107.91,299089.99,350990.89,403297.5,466691.33,515370.9,542446.31,562669.42,566267.17,557115.23,547178.86,509503.2,468227.03,418822.23,371721.2,311052.17,246063.81,190958.08,140964.84,104724.84,70681.71,48832.41,37053.46,28119.66,23287.68,18231.44,15928.5,12756.87,11290.35,9769.01,8207.36,6012.07,4852.01,3367.01,2691.21
170731,17:40:10,170731,17:41:22,0,1007,302.5,2.9,0.01,36,0.34,0,34,303.5,0.372,0,318.3,293.2,0,0,1.3,6.19,6.58,6.99,7.43,7.9,8.39,8.92,9.48,10.08,10.72,11.4,12.12,12.88,13.7,14.57,15.5,16.48,17.53,18.65,19.85,21.12,22.47,23.92,25.46,27.11,28.87,30.74,32.75,34.89,37.18,39.62,42.24,45.05,48.06,51.28,54.74,58.45,62.43,66.72,71.34,76.31,81.67,87.46,93.72,100.5,107.84,115.81,124.48,133.92,144.22,155.47,167.79,181.29,196.14,212.48,230.51,250.44,272.51,296.99,324.19,354.45,388.18,425.81,467.85,514.86,567.47,626.4,692.45,766.54,849.71,943.11,2980.14,3159.96,2640.9,2004.32,1373.26,949.85,839.99,1035.76,1427.8,1795.18,1961.11,1911.81,1640.26,1177.91,738.87,484.07,387.66,356.44,389.27,616.28,1164.13,1963.56,2871.02,3963.27,5377.39,7205.35,10551.13,16358.49,24605.34,36228.22,50571.01,67417.79,89983.38,117567.64,152014.33,192540.3,234226.47,279635.4,331725.15,385249.44,437145.46,473709.53,506825.23,528783.59,527398.26,532597.67,522754.76,495974.5,471954.38,433898.51,378401.68,320891.83,260262.36,201713.78,148923.5,103768.63,67848.32,48606.49,35433.51,27180.02,21679.22,17446.78,15449.1,13841.73,10199.2,8762.53,7552.92,6160.83,4156.69,3055.36,2811.3
170731,17:41:41,170731,17:42:53,1,1007,302.5,2.89,0.008,36,0.34,0,34,303.5,0.372,0,318.2,293.1,0,0,1.3,6.19,6.58,6.99,7.43,7.9,8.39,8.92,9.48,10.08,10.72,11.4,12.12,12.88,13.7,14.57,15.5,16.48,17.53,18.65,19.85,21.12,22.48,23.92,25.46,27.11,28.87,30.74,32.75,34.89,37.18,39.63,42.25,45.05,48.06,51.28,54.74,58.45,62.44,66.72,71.34,76.31,81.68,87.47,93.73,100.5,107.85,115.82,124.49,133.93,144.23,155.48,167.8,181.31,196.16,212.5,230.54,250.47,272.54,297.02,324.23,354.5,388.23,425.87,467.92,514.94,567.56,626.5,692.57,766.67,849.86,943.28,202.07,0,181.39,342.18,454.91,598.74,940.17,1593.26,2300.17,2360.36,1694.91,1009.17,655.21,536.87,440.72,269.76,153.91,167.56,345.93,730.6,1114.78,1336.72,2045.42,3713.02,5827.77,7650.66,10220.35,15290.45,24434.96,36978.16,50828.14,67935.12,91124.26,119403.65,150431.05,185792.32,226521.43,267649.33,311185.29,355357.6,398858.88,432826.36,474710.07,500581.85,520417,526523.69,523831.45,507794.02,475091.1,431067.43,376511.03,320940.81,259345.86,203777.39,149417.44,106203.89,74037.6,50543.8,37147.66,28198.46,23086.74,20174.71,16994.41,14456.62,11010.18,9829.09,7522.68,5661.28,4070.76,3269.79,3159.59
170731,17:43:11,170731,17:44:23,0,1007,302.5,2.91,0.007,36,0.34,0,34,303.5,0.372,0,318.3,293.2,0,0,1.3,6.19,6.58,6.99,7.43,7.9,8.39,8.92,9.48,10.08,10.72,11.4,12.12,12.88,13.7,14.57,15.5,16.48,17.53,18.65,19.85,21.12,22.47,23.92,25.46,27.11,28.87,30.74,32.75,34.89,37.18,39.63,42.25,45.05,48.06,51.28,54.74,58.45,62.44,66.72,71.34,76.31,81.68,87.47,93.73,100.5,107.85,115.82,124.49,133.93,144.23,155.48,167.8,181.31,196.16,212.5,230.54,250.47,272.54,297.02,324.22,354.49,388.23,425.87,467.92,514.93,567.56,626.5,692.56,766.67,849.85,943.28,807.71,786.24,1102.88,1295.07,1344.22,1351.83,1492.37,1878.53,2401.16,2703.47,2519.17,1970.61,1356.08,849.16,488.3,288.88,224.48,238.98,280.85,356.65,527.16,851.02,1418.77,2350.2,3782.51,5612.14,7764.15,11847.73,18280.4,25920.39,37446.27,53676.89,73454.52,97999.11,128201.46,164611.34,202806.71,239689.84,284726.23,327420.17,363497.26,405385.32,442391.74,470005.57,489513.84,498052.35,502227.66,496594.24,468043.84,428674.7,384386.61,325440.3,267870.72,209325.98,155452.55,110831.99,76283.83,52577.63,38945.38,29216.55,22256.31,18947.07,15821.77,12352.62,9448.5,8958.59,7519.58,4991.76,3567.6,3042.55,2586.78
170731,17:44:41,170731,17:45:54,1,1007,302.5,2.91,0.007,36,0.34,0,34,303.5,0.373,0,318.1,293,0,0,1.3,6.19,6.58,6.99,7.43,7.9,8.39,8.92,9.48,10.08,10.72,11.4,12.12,12.88,13.7,14.57,15.5,16.48,17.53,18.65,19.85,21.12,22.48,23.92,25.46,27.11,28.87,30.74,32.75,34.89,37.18,39.63,42.25,45.05,48.06,51.28,54.74,58.45,62.44,66.72,71.34,76.31,81.68,87.47,93.73,100.5,107.85,115.82,124.49,133.93,144.23,155.48,167.8,181.31,196.16,212.5,230.54,250.47,272.54,297.02,324.23,354.5,388.23,425.87,467.92,514.94,567.56,626.5,692.57,766.67,849.86,943.28,1946.84,2429.06,1436.71,776.13,448.47,297.59,197.85,128.52,97.44,103.77,158.54,287.4,460.12,528.35,428.32,292.02,220.3,210.78,223.59,282.46,504.09,925.57,1349.54,1940.27,3222.5,5315.27,8205.14,12188.88,17889.44,25587.7,37870.11,52439.07,72123.18,97683.74,126225.62,159156.67,200690.54,237039.44,275250.46,324078.38,367636.66,410528.99,447159.99,484052.97,499748.27,505825.15,515340.7,488598.33,468672.09,429534.75,381599.31,327761.35,267865.98,207354.64,157279.4,113603.41,76483.28,52703.29,39732.37,29532.28,23822.63,20581.1,16408.78,14199.72,11083.8,8947.65,7733.18,5889.83,4273.42,3586.38,3232.17
170731,17:46:12,170731,17:47:24,0,1007,302.5,2.91,0.008,36,0.34,0,34,303.5,0.373,0.001,318.2,293.1,0,0,1.3,6.19,6.58,6.99,7.43,7.9,8.39,8.92,9.48,10.08,10.72,11.4,12.12,12.88,13.7,14.57,15.5,16.48,17.53,18.65,19.85,21.12,22.47,23.92,25.46,27.11,28.87,30.74,32.75,34.89,37.18,39.63,42.25,45.05,48.06,51.28,54.74,58.45,62.44,66.72,71.34,76.31,81.68,87.47,93.73,100.5,107.85,115.82,124.49,133.93,144.23,155.48,167.8,181.31,196.16,212.5,230.54,250.47,272.54,297.02,324.22,354.49,388.23,425.87,467.92,514.93,567.56,626.5,692.56,766.67,849.85,943.28,1514.73,1609.4,1238.7,965.01,818.37,799.34,892.85,1112.65,1427.15,1674.75,1674.12,1419.88,1030.94,631.63,351.72,226.23,216.53,272.74,315.61,299.96,326.74,474.68,770.86,1406.01,2584.87,4193.07,6005.04,8347.15,13833.96,22544.61,31099.98,42180.89,58867.8,82428.37,106563.67,135027.7,172001.61,211276.78,250760.57,289811.73,336291.33,375290.37,415386.73,444480.94,474844.88,490013.38,501343.43,492516.23,465609.64,428905.07,387273.87,326864.71,269699.04,210946.25,157250,111950.25,77499.24,52328.26,36786.51,28095.53,22436.59,18448.59,15544.25,12906.87,9936.97,7824.4,6895.39,5689.3,3615.41,2908.84,2375.18
170731,17:47:42,170731,17:48:54,1,1007,302.5,2.9,0.012,36,0.34,0,34,303.5,0.373,0,318.2,293.1,0,0,1.3,6.19,6.58,6.99,7.43,7.9,8.39,8.92,9.48,10.08,10.72,11.4,12.12,12.88,13.7,14.57,15.5,16.48,17.53,18.65,19.85,21.12,22.48,23.92,25.46,27.11,28.87,30.74,32.75,34.89,37.18,39.63,42.25,45.05,48.06,51.28,54.74,58.45,62.44,66.72,71.34,76.31,81.68,87.47,93.73,100.5,107.85,115.82,124.49,133.93,144.23,155.48,167.8,181.31,196.16,212.5,230.54,250.47,272.54,297.02,324.23,354.5,388.23,425.87,467.92,514.94,567.56,626.5,692.57,766.67,849.86,943.28,0,0,216,377.52,474.62,582.57,826.37,1302.99,1866.13,2136.65,2015.82,1629.68,1095.44,620.76,321.41,164.98,110.27,94.66,72.65,89.49,217.26,505.44,916.14,1515.54,2304.45,3916.22,6483.98,9520.03,14184.77,21670.39,32151.06,46327.4,63440.87,83739.37,109607.83,141480.75,175344.82,210156.85,247703.31,285969.26,325963.03,364056.99,402081.9,424914.89,452940.15,470072.13,477036.8,475511.32,448608.41,416941.22,372568.26,321479.65,265856.53,212245.34,158471.77,114054.94,78906.24,54495.91,41217.73,32280.58,25123.46,19948.32,16186.66,12634.67,9944.51,8512.32,7206.47,6126.79,4132.78,3085.76,3070.51
170731,17:49:12,170731,17:50:25,0,1007,302.5,2.91,0.008,36,0.34,0,34,303.5,0.373,0.001,318.1,293.1,0,0,1.3,6.19,6.58,6.99,7.43,7.9,8.39,8.92,9.48,10.08,10.72,11.4,12.12,12.88,13.7,14.57,15.5,16.48,17.53,18.65,19.85,21.12,22.47,23.92,25.46,27.11,28.87,30.74,32.75,34.89,37.18,39.63,42.25,45.05,48.06,51.28,54.74,58.45,62.44,66.72,71.34,76.31,81.68,87.47,93.73,100.5,107.85,115.82,124.49,133.93,144.23,155.48,167.8,181.31,196.16,212.5,230.54,250.47,272.54,297.02,324.22,354.49,388.23,425.87,467.92,514.93,567.56,626.5,692.56,766.67,849.85,943.28,3492.64,2408.95,1884.09,1430.77,1061.2,811.28,762.29,961.97,1336.86,1664.25,1802,1724.72,1446.28,1073.82,659.92,299.18,130.39,116.86,200.85,316.17,439.97,509.86,529.36,822.52,1617.77,2668.52,3943.96,6200.08,9585.79,14982.32,24511.92,35834.79,50019.19,69170.58,91118.37,120349.7,153698.94,194213.1,225688.7,260687.04,292965.62,332871.06,364642.95,399137.31,421895.93,452889.75,461334.21,457591.11,442387.9,414077.99,377105.96,324159.59,270116.09,214263.63,161567.91,118118.03,80133.99,57335.99,40571.7,28287.92,21913.62,19180.73,15437.21,12244.81,9891.44,8719.55,7533.05,5369.32,4500.56,2763.01,2890.01
170731,17:50:43,170731,17:51:55,1,1007,302.5,2.9,0.009,36,0.34,0,34,303.5,0.373,0,318.2,293.1,0,0,1.3,6.19,6.58,6.99,7.43,7.9,8.39,8.92,9.48,10.08,10.72,11.4,12.12,12.88,13.7,14.57,15.5,16.48,17.53,18.65,19.85,21.12,22.48,23.92,25.46,27.11,28.87,30.74,32.75,34.89,37.18,39.63,42.25,45.05,48.06,51.28,54.74,58.45,62.44,66.72,71.34,76.31,81.68,87.47,93.73,100.5,107.85,115.82,124.49,133.93,144.23,155.48,167.8,181.31,196.16,212.5,230.54,250.47,272.54,297.02,324.23,354.5,388.23,425.87,467.92,514.94,567.56,626.5,692.57,766.67,849.86,943.28,0,0,48.85,96.05,123.91,118.72,94.4,72.45,66.09,86.59,143.33,202.73,182.66,111.75,69.34,61.23,62.41,51.8,38.36,45.7,105.99,296.92,698.05,1232.48,1864.75,2873.73,4875.91,7593.96,10829.94,16904.75,26057.65,37345.5,51253.98,69045.57,93452.86,122070.28,152659.95,188145.09,225883.53,260729.28,297937.47,336418.11,365418.71,401449.34,433171.55,456884.25,466061.83,460040.35,443702.9,419374.26,377438.17,331677.11,278225.94,223263.62,169714.98,124025.12,84603.34,60866.29,43848.17,30343.96,24101.08,19454.06,16500.14,13202.58,11249.58,9476.83,7202.87,5663.63,4119.2,2843.19,2987.67
170731,17:52:13,170731,17:53:25,0,1007,302.5,2.9,0.009,36,0.34,0,34,303.6,0.373,0.001,318.2,293.1,0,0,1.3,6.19,6.58,6.99,7.43,7.9,8.39,8.92,9.48,10.08,10.72,11.4,12.12,12.88,13.7,14.57,15.5,16.48,17.53,18.65,19.85,21.12,22.47,23.92,25.46,27.11,28.87,30.74,32.75,34.89,37.18,39.63,42.25,45.05,48.06,51.28,54.74,58.45,62.44,66.72,71.34,76.31,81.68,87.47,93.73,100.5,107.85,115.82,124.49,133.93,144.23,155.48,167.8,181.31,196.16,212.5,230.54,250.47,272.54,297.02,324.22,354.49,388.23,425.87,467.92,514.93,567.56,626.5,692.56,766.67,849.85,943.28,1909.88,1605.89,1513.26,1349.83,1097.51,899.07,936.2,1308.17,1958.35,2554.52,2644,2060.16,1208.16,569.73,249.31,154.8,175.29,195.49,157.75,155.37,220.77,282.49,369.01,688.84,1246.73,1833.44,2909.39,5431.9,9365.32,14836.17,21612.56,30434.89,42152.06,57942.24,78939.28,103407.19,134234.1,162212.22,200735.24,239868.91,279746.66,313601.91,355713.35,394388.38,423130.29,451879.21,463829.77,462815.24,449875.47,416989.74,383396.13,323394.81,276618,220380.91,167899.8,122308.38,86474.6,58649.34,41897.82,30582.07,22133.89,19459.8,16082.72,12782.64,10556.69,8982.54,7597.38,5695.33,3778.95,3169.33,2597.54
170731,17:53:43,170731,17:54:56,1,1007,302.5,2.9,0.007,36,0.34,0,34,303.6,0.373,0,318.2,293.1,0,0,1.3,6.19,6.58,6.99,7.43,7.9,8.39,8.92,9.48,10.08,10.72,11.4,12.12,12.89,13.7,14.57,15.5,16.48,17.54,18.65,19.85,21.12,22.48,23.92,25.46,27.11,28.87,30.74,32.75,34.89,37.18,39.63,42.25,45.05,48.06,51.28,54.74,58.45,62.44,66.73,71.34,76.31,81.68,87.47,93.73,100.5,107.85,115.82,124.49,133.93,144.23,155.48,167.79,181.3,196.15,212.49,230.52,250.45,272.52,297,324.19,354.46,388.19,425.82,467.86,514.87,567.48,626.41,692.46,766.55,849.71,943.12,426.13,0,98.2,193.73,256.44,341.06,525.04,874,1348.29,1696.19,1727.57,1531.93,1158.05,713.59,388.49,200.31,107.08,69.05,51.58,62.72,137.17,299.64,513.63,773.96,1307.54,2335.1,3854.91,5636.9,9113.29,13709.13,19602.6,28753.85,42548.45,59855.09,78011.26,102696.77,129889.22,160177.95,192727.38,229549.53,267185.09,305508.95,338818.69,374411.67,399925,428591.58,444667.04,445321.84,437451.09,422081.27,384290.52,329656.12,282781.16,230551.7,172937.55,131790.88,93078.1,63991.36,42957.45,33335.17,25594.34,19905.69,16357.48,14132.79,10609.87,8948.82,7681.55,5846.66,4462.73,3413.12,2706.65
170731,17:55:14,170731,17:56:26,0,1007,302.6,2.9,0.006,36,0.34,0,34,303.6,0.373,0.001,318.2,293.1,0,0,1.3,6.19,6.58,6.99,7.43,7.9,8.39,8.92,9.48,10.08,10.72,11.4,12.12,12.89,13.7,14.57,15.5,16.48,17.54,18.65,19.85,21.12,22.48,23.92,25.46,27.11,28.87,30.74,32.75,34.89,37.18,39.63,42.25,45.05,48.06,51.28,54.74,58.45,62.44,66.72,71.34,76.31,81.68,87.47,93.73,100.5,107.85,115.82,124.49,133.93,144.22,155.48,167.79,181.3,196.15,212.49,230.52,250.45,272.52,297,324.19,354.46,388.19,425.82,467.86,514.87,567.48,626.4,692.46,766.55,849.71,943.11,1263.63,0,733.21,1204.99,1275.39,1074.93,920.72,1081.06,1716.32,2679.35,3384.16,3361.54,2623.19,1678.79,1019.91,618.05,361.95,210.84,127.64,88.63,93.27,151.67,258.68,422.41,743.34,1271.02,2141.6,3894.94,6637.88,10488.91,15539.38,24186.63,36621.31,51783.03,69686.78,90590.71,115628.88,146600.24,180533.24,210593.58,245633.9,282990.85,319469.93,350759.4,388421.22,412565.23,431188.09,435404.45,427383.89,416650.42,382653.41,338292.96,290382.95,237253.55,182702.05,134287.67,95526.26,66123.35,46647.72,34715.26,26342.98,20082.35,17577.81,13290.25,10612.05,9413.88,7893.7,5367.33,3901.87,2574.6,2478.38
170731,17:56:44,170731,17:57:57,1,1007,302.6,2.9,0.007,36,0.34,0,34,303.6,0.373,0.001,318.2,293.1,0,0,1.3,6.19,6.58,6.99,7.43,7.9,8.39,8.92,9.48,10.08,10.72,11.4,12.12,12.89,13.7,14.57,15.5,16.48,17.54,18.65,19.85,21.12,22.48,23.92,25.46,27.11,28.87,30.74,32.75,34.89,37.18,39.63,42.25,45.05,48.06,51.28,54.74,58.45,62.44,66.73,71.34,76.31,81.68,87.47,93.73,100.5,107.85,115.82,124.49,133.93,144.23,155.48,167.79,181.3,196.15,212.49,230.52,250.45,272.52,297,324.19,354.46,388.19,425.82,467.86,514.87,567.48,626.41,692.46,766.55,849.71,943.12,2450.77,2384.29,1844.32,1387.05,1067.67,929.28,1035.03,1454.78,2147.28,2801.68,3004.22,2619.48,1860.27,1075.71,514.72,218.37,89.85,44.34,36.62,50.78,84.32,153.15,299.59,516.36,818.29,1349.27,2375.36,4200.5,6988.9,10606.16,15838.93,24082.63,35413.64,50207.52,68056.11,90583.93,114685.18,142815.47,173285.19,207417.18,241542.77,280773.98,314993.01,345493.8,374675.37,404876.67,421349.14,425078.6,424576.62,403607.14,369731.22,335294.14,285945.2,230388.9,181275.35,132778.34,93577.7,65826.54,48411.59,34860.12,26066.47,21304.47,17176.79,13023.98,10508.01,9595.02,7509.1,5383.15,3817.25,3165.81,2701
170731,17:58:15,170731,17:59:27,0,1007,302.6,2.9,0.007,36,0.34,0,34,303.6,0.373,0,318.1,293,0,0,1.3,6.19,6.58,6.99,7.43,7.9,8.39,8.92,9.48,10.08,10.72,11.4,12.12,12.89,13.7,14.57,15.5,16.48,17.54,18.65,19.85,21.12,22.48,23.92,25.46,27.11,28.87,30.74,32.75,34.89,37.18,39.63,42.25,45.05,48.06,51.28,54.74,58.45,62.44,66.73,71.34,76.32,81.68,87.47,93.73,100.51,107.85,115.83,124.5,133.94,144.23,155.49,167.81,181.32,196.16,212.51,230.54,250.48,272.55,297.03,324.23,354.5,388.24,425.88,467.92,514.94,567.56,626.5,692.56,766.67,849.85,943.28,2143.62,1594.9,1658.01,1596.09,1321.22,936.34,667.74,629.29,866.95,1430.2,2307.58,3379.87,4204.45,3947.98,2599.03,1244.06,509.68,212.73,99.31,71.6,96.87,152.32,246.62,456.01,756.3,1073.99,1806.95,3231.07,5521.42,8610.99,12980.31,19975.49,30049.16,42500.15,58972.95,78191.03,100040.53,128443.55,158663.81,186860.5,223748.36,258606.59,290445.87,333611.79,359090.51,382604.23,402810.86,411356.65,408214.4,396667.32,365756.59,331268.9,286296.95,232000.54,179823.12,133344.18,94315.54,64963.22,44827.28,33969.82,26216.01,19706.81,15599.63,13026.24,10231.97,8829.16,6961.76,5739.74,4083.16,2929.7,2485.36
170731,17:59:45,170731,18:00:57,1,1006,302.6,2.9,0.009,36,0.34,0,34,303.6,0.373,0,318.1,293,0,0,1.3,6.19,6.58,6.99,7.43,7.9,8.39,8.92,9.48,10.08,10.72,11.4,12.12,12.89,13.7,14.57,15.5,16.48,17.54,18.65,19.85,21.12,22.48,23.92,25.46,27.11,28.87,30.74,32.75,34.89,37.18,39.63,42.25,45.05,48.06,51.28,54.74,58.45,62.44,66.73,71.34,76.32,81.68,87.47,93.73,100.51,107.85,115.83,124.5,133.94,144.24,155.49,167.81,181.32,196.17,212.51,230.55,250.48,272.55,297.03,324.23,354.5,388.24,425.88,467.93,514.94,567.56,626.5,692.57,766.68,849.86,943.28,426.43,0,806.98,1719.54,2897.37,4485.76,6453.48,8500.11,10097.83,10551.99,9508.4,7402.96,5057.02,2963.78,1483.41,723.82,408.27,215.98,77.25,27.7,32.53,97.74,253.69,436.63,709.18,1255.35,1976.98,3017.45,4653.58,7666.77,12979.14,20332.61,30612.58,42678.61,59374.38,80071.48,99715.41,127067.43,153662.24,185650.44,218191.33,251783.53,284777.32,324627.29,360970.37,388596.44,405414.41,413281.89,409399.55,400903.43,378184.02,333627.82,286024.5,233578.09,180612.28,131462.88,92908.03,66214.84,47351.98,35521.46,27780.45,21733.14,17261.14,13870.88,10872.16,8834.21,7560.93,6097.97,4435.61,2956.51,1896.07
170731,18:01:15,170731,18:02:28,0,1007,302.6,2.9,0.008,36,0.34,0,34,303.6,0.372,0.002,318.1,293,0,0,1.3,6.19,6.58,6.99,7.43,7.9,8.39,8.92,9.48,10.08,10.72,11.4,12.12,12.89,13.7,14.57,15.5,16.49,17.54,18.66,19.85,21.12,22.48,23.92,25.47,27.11,28.87,30.75,32.75,34.89,37.18,39.63,42.25,45.06,48.07,51.29,54.75,58.46,62.45,66.74,71.35,76.33,81.69,87.48,93.75,100.52,107.87,115.84,124.52,133.96,144.25,155.51,167.83,181.34,196.19,212.53,230.57,250.5,272.57,297.05,324.25,354.52,388.25,425.89,467.94,514.95,567.57,626.51,692.57,766.68,849.86,943.28,647.53,813.11,554.72,381.48,290,264.93,301.9,409.81,634.68,1055.03,1713.8,2397.92,2572.31,2100.97,1492.08,1108.32,876.09,646.9,539.62,609.15,766.1,995.11,1292.1,1543.21,1771.25,2073.79,2456.45,3012.13,4172.24,6528.87,9759.79,14210.82,20756.23,28666.78,40013.97,55092.25,72331.36,90712.68,112204.96,135844.83,162104.4,189854.68,216746.9,239156.69,263583.08,284166.18,301782.26,316036.73,317700.25,312853.19,294148.79,269386.06,231486,197096.97,151654.38,111973.23,79865.95,55802.25,38255.43,28743.84,21641.16,16483.35,13625.9,10293.07,8164.55,7295.34,6195.11,4511.62,3492.9,2753.55,2411.48
170731,18:02:46,170731,18:03:58,1,1007,302.5,2.9,0.007,36,0.34,0,34,303.6,0.371,0,318.1,293,0,0,1.3,6.19,6.58,6.99,7.43,7.9,8.39,8.92,9.48,10.08,10.72,11.4,12.12,12.89,13.7,14.57,15.5,16.48,17.54,18.65,19.85,21.12,22.48,23.92,25.46,27.11,28.87,30.74,32.75,34.89,37.18,39.63,42.25,45.05,48.06,51.28,54.74,58.45,62.44,66.73,71.34,76.31,81.68,87.47,93.73,100.5,107.85,115.82,124.49,133.93,144.23,155.48,167.79,181.3,196.15,212.49,230.52,250.45,272.52,297,324.19,354.46,388.19,425.82,467.86,514.87,567.48,626.41,692.46,766.55,849.71,943.12,0,0,101.48,150.64,162.77,174.53,225.26,359.47,617.01,936.66,1135.63,1183.85,1184.15,1105.33,852.35,519.31,332.36,309.67,382.07,507.28,637.39,706.68,676.8,681.66,1043.82,1699.07,1908.61,2420.81,4077.57,5806.85,8260.29,12284.15,16723.35,22544.23,31624.88,42946.75,54794.77,68130.16,82144.42,94922.03,110326.99,129509.48,145506.07,163077.3,181792.18,195836.8,209973.4,214496.93,210464.12,204681.33,197796.67,179954.98,154459.51,126297.32,97251.07,71865.22,51094.28,34074.83,23476.12,17278.18,13861.6,11891.62,9141.34,6711.48,5365.7,4358.62,3185.46,2640.61,2080.78,1279.93,1243.38
170731,18:04:16,170731,18:05:29,0,1007,302.4,2.91,0.007,36,0.34,0,34,303.5,0.372,0,318.1,293,0,0,1.3,6.19,6.58,6.99,7.43,7.9,8.39,8.92,9.48,10.08,10.72,11.4,12.12,12.88,13.7,14.57,15.5,16.48,17.53,18.65,19.85,21.12,22.47,23.92,25.46,27.11,28.87,30.74,32.75,34.89,37.18,39.62,42.24,45.05,48.06,51.28,54.74,58.45,62.43,66.72,71.34,76.31,81.67,87.46,93.72,100.5,107.84,115.81,124.48,133.92,144.22,155.47,167.79,181.29,196.14,212.48,230.51,250.44,272.51,296.99,324.19,354.45,388.18,425.81,467.85,514.86,567.47,626.4,692.45,766.54,849.71,943.11,122.69,0,86.92,122.07,99.22,63.55,43.5,45.6,77.5,165.5,338.39,529.85,572.03,458.46,287.92,137.56,63.89,49.6,74.46,152.59,325.19,526.92,656.84,720.75,694.5,917.34,1327.96,1498.16,2013.06,2839.32,4162.46,7082.77,10510.64,15202.17,22075.82,29714.2,35718.99,45311.13,55463.78,65618.81,77034.84,89994.06,103363.93,118537.63,128462.95,147755.64,160784.81,167447.84,171393.45,165934.73,155955.37,148514.97,128194.76,101553.78,80165.36,59073.81,41858.2,29143.88,19896.75,15045.79,12118.84,9129.52,7577.81,5640.92,4687.38,4327.79,3621.16,2569.06,1618.06,1737.31,1110.18
170731,18:05:47,170731,18:06:59,1,1006,302.3,2.9,0.008,36,0.34,0,34,303.5,0.372,0,318.1,293.1,0,0,1.3,6.19,6.58,6.99,7.43,7.9,8.39,8.92,9.48,10.08,10.72,11.4,12.12,12.89,13.7,14.57,15.5,16.48,17.53,18.65,19.85,21.12,22.48,23.92,25.46,27.11,28.87,30.74,32.74,34.89,37.18,39.62,42.24,45.05,48.06,51.28,54.73,58.44,62.43,66.72,71.33,76.31,81.67,87.46,93.72,100.49,107.84,115.81,124.48,133.91,144.21,155.46,167.77,181.28,196.12,212.47,230.49,250.42,272.48,296.96,324.15,354.41,388.13,425.76,467.79,514.79,567.39,626.31,692.35,766.42,849.57,942.95,0,0,13.93,28.05,37.43,37,31.77,35.54,64.41,141.05,271.94,379.26,369.08,266.19,156.64,95.4,68.73,68.45,88.4,128.62,222.13,359.19,460.04,515.44,581.81,622.98,848.73,1374.83,1920.3,2811.92,4424.1,6196.04,8979.07,12403.07,15819.42,19350,25835.48,34793.25,41970.94,51886.96,56820.49,64399.6,77263.38,85999.36,95645.16,104362.28,109750.12,114189.92,115373.77,109782.76,107540.49,94664.34,78142.35,63778.56,51072.56,36134.99,26664.18,18238.32,13042.58,9645.2,7375.58,6061.15,4860.45,3546.75,2894.2,2483.78,1765.4,1492.59,1081.66,1031.66,876.98
170731,18:07:17,170731,18:08:29,0,1007,302.3,2.9,0.008,36,0.34,0,34,303.5,0.372,0,318.2,293.1,0,0,1.3,6.19,6.58,6.99,7.43,7.9,8.39,8.92,9.48,10.08,10.72,11.4,12.12,12.89,13.7,14.57,15.5,16.48,17.53,18.65,19.85,21.12,22.47,23.92,25.46,27.11,28.87,30.74,32.74,34.89,37.18,39.62,42.24,45.05,48.05,51.28,54.73,58.44,62.43,66.72,71.33,76.31,81.67,87.46,93.72,100.49,107.84,115.81,124.47,133.91,144.21,155.46,167.77,181.28,196.12,212.46,230.49,250.42,272.48,296.96,324.15,354.41,388.13,425.76,467.79,514.79,567.39,626.3,692.34,766.42,849.57,942.95,0,0,0.09,0.34,1.04,2.49,4.67,7.39,10.93,15.83,20.96,25.65,40.98,88.04,158.52,186.29,165.34,131.49,127.75,147.04,115,83.04,142.05,335.29,494.12,582.02,880.05,1058.07,1096.55,1572.63,2235.11,3544.58,5321.99,7859.04,11277.39,14916.14,18073.24,22920.21,28562.28,33859.66,41696.49,48391.03,55224.01,62454.87,71062.72,81472.45,87440.31,88765.54,88584.69,89452.58,84412.37,77729.49,66205.97,55393.55,43574.13,32384.77,22854.5,15098.02,9427.26,7263.03,5318.08,4450.47,3816.94,3017.86,2289.19,2230.24,1836.01,1414.56,946.95,773.8,660.36
170731,18:08:47,170731,18:10:00,1,1007,302.3,2.9,0.008,36,0.34,0,34,303.4,0.372,0.001,318.1,293,0,0,1.3,6.19,6.58,6.99,7.43,7.9,8.39,8.92,9.48,10.08,10.72,11.4,12.12,12.88,13.7,14.57,15.5,16.48,17.53,18.65,19.85,21.12,22.47,23.92,25.46,27.11,28.86,30.74,32.74,34.89,37.17,39.62,42.24,45.05,48.05,51.28,54.73,58.44,62.43,66.72,71.33,76.31,81.67,87.46,93.72,100.49,107.84,115.81,124.48,133.92,144.21,155.46,167.78,181.29,196.13,212.48,230.51,250.44,272.51,296.98,324.18,354.45,388.18,425.81,467.85,514.86,567.47,626.4,692.45,766.55,849.71,943.12,703.43,808.98,468.97,222.84,87.18,28.49,7.99,2.13,1.09,2.37,7.64,20.44,29.09,17.78,6.6,2.92,5.06,19.71,69.27,151.87,179.09,130.74,105.79,144.04,237.91,316.6,528.43,823.01,1100.68,1427.31,2016.26,3059.5,4351.66,6605.98,9166.8,10888.63,13961.01,17687.78,21690.87,26363.6,30982.1,35252.61,40661.6,44732.68,51878.49,57576.06,61394.22,62273.6,60987.73,59745,55000.35,48673.81,41369.31,36243.56,25856.09,20931.74,14407.1,10093.82,7429.52,5555.68,3887.39,2974.1,2427.47,1700.15,1121.27,1136.59,1147.07,871.41,452.67,492.13,416.46
170731,18:10:18,170731,18:11:30,0,1007,302.2,2.9,0.009,36,0.34,0,34,303.4,0.372,0.001,318.1,293,0,0,1.3,6.19,6.58,6.99,7.43,7.9,8.39,8.92,9.48,10.08,10.72,11.4,12.12,12.88,13.7,14.57,15.5,16.48,17.53,18.65,19.85,21.12,22.47,23.92,25.46,27.11,28.86,30.74,32.74,34.88,37.17,39.62,42.24,45.05,48.05,51.27,54.73,58.44,62.43,66.72,71.33,76.3,81.66,87.45,93.71,100.49,107.83,115.8,124.47,133.91,144.2,155.45,167.76,181.27,196.11,212.46,230.48,250.41,272.47,296.95,324.14,354.4,388.13,425.75,467.79,514.78,567.39,626.3,692.34,766.42,849.56,942.95,0,0,0,0,0,0,0.01,0.03,0.12,0.4,1.36,4.75,15.09,34.67,50.39,40.71,23.77,25.21,41.92,34.17,17.12,29.23,95.37,180.85,243.17,342.81,466.06,445.95,528.6,812,1372.4,2208.58,2963.25,3803.72,5124.91,6718.77,9771.4,12549.21,15563.44,18379.15,21979.12,26734.63,31133.26,34634.87,39140.06,42121.42,41639.74,45811.85,47634.62,47844.26,45276.98,40002.55,34548.56,27315.06,21416.96,17318.46,11210.52,8661.57,6310.7,4460.45,3212.88,2700.87,2141.54,1786.11,1119.18,1246.62,855.48,643.68,677.18,294.53,247.97
170731,18:11:48,170731,18:13:00,1,1007,302.2,2.9,0.011,36,0.34,0,34,303.4,0.373,0.001,318.1,293,0,0,1.3,6.19,6.58,6.99,7.43,7.9,8.39,8.92,9.48,10.08,10.72,11.4,12.12,12.88,13.7,14.57,15.5,16.48,17.53,18.65,19.85,21.12,22.47,23.92,25.46,27.11,28.86,30.74,32.74,34.88,37.17,39.62,42.24,45.05,48.05,51.27,54.73,58.44,62.43,66.72,71.33,76.3,81.66,87.45,93.71,100.49,107.83,115.8,124.47,133.91,144.2,155.45,167.77,181.27,196.12,212.46,230.49,250.41,272.48,296.95,324.14,354.41,388.13,425.76,467.79,514.79,567.39,626.3,692.34,766.42,849.57,942.95,0,0,0.25,0.79,1.72,2.58,2.53,1.71,0.92,0.45,0.21,0.11,0.16,0.65,3.09,13.68,44.07,72.52,50.15,28.75,33.2,64.79,119.11,125.39,124.84,188.27,208.63,292.07,549.26,933.56,1564.51,1858.98,2609.39,3252.16,4058.09,5957.35,8298.39,10434.53,11574.73,13365.96,16399.85,19195.05,20910.01,24455.32,25341.54,29426.23,33660.61,31383.29,32407.91,31317.25,29099,26373.52,21726.11,18660.69,14551.96,11123.15,7494.63,4900.35,2946.7,2778.35,1998.6,1646.76,1435.12,1066.33,1051.94,569.6,563.41,436.52,324.36,225.06,214.22
170731,18:13:18,170731,18:14:31,0,1007,302.2,2.91,0.008,36,0.34,0,34,303.4,0.373,0,318.1,293,0,0,1.3,6.19,6.58,6.99,7.43,7.9,8.39,8.92,9.48,10.08,10.72,11.4,12.12,12.88,13.7,14.57,15.5,16.48,17.53,18.65,19.85,21.12,22.47,23.92,25.46,27.11,28.86,30.74,32.74,34.88,37.17,39.62,42.24,45.05,48.05,51.27,54.73,58.44,62.43,66.72,71.33,76.3,81.66,87.45,93.71,100.49,107.83,115.8,124.47,133.91,144.2,155.45,167.76,181.27,196.11,212.46,230.48,250.41,272.47,296.95,324.14,354.4,388.13,425.75,467.79,514.78,567.39,626.3,692.34,766.42,849.56,942.95,0,0,0,0,0,0,0,0,0,0,0,0,0,0,0.02,0.09,0.45,2.36,11.42,25.7,9.87,2.25,1.71,8.63,48.96,131.25,147.33,287.37,506.58,725.64,813.62,1156.31,2071.2,2635.41,3078.52,3882.17,4538.42,6494,8820.49,10132.78,12928.88,15990.53,17040.17,18841.45,21355.19,22504.63,26665.84,25445.71,25218.16,25986.18,23545.37,20723.96,17736.45,15649.38,11522.42,8133.23,6117.72,4341.68,2830.91,1600.92,1570.32,1479.13,1456.84,968.52,895.19,844.51,677.6,348.11,205.58,154.65,183.88
170731,18:14:49,170731,18:16:01,1,1007,302.2,2.9,0.011,36,0.34,0,34,303.3,0.373,0,318.1,293,0,0,1.3,6.19,6.58,6.99,7.43,7.9,8.39,8.92,9.48,10.08,10.72,11.4,12.12,12.88,13.7,14.57,15.5,16.48,17.53,18.65,19.85,21.12,22.47,23.92,25.46,27.11,28.86,30.74,32.74,34.88,37.17,39.62,42.24,45.05,48.05,51.27,54.73,58.44,62.43,66.72,71.33,76.3,81.66,87.45,93.71,100.49,107.83,115.8,124.47,133.91,144.21,155.46,167.77,181.28,196.13,212.47,230.5,250.43,272.5,296.98,324.17,354.44,388.17,425.81,467.85,514.86,567.47,626.4,692.45,766.54,849.71,943.12,0,0,0,0.01,0.03,0.1,0.31,0.93,2.73,7.84,18.35,25.33,19.19,13.8,18.02,35.55,71.75,101.7,57.73,18.54,11.83,22.9,36.15,51,76.29,86.15,138.43,336.73,605.14,450,520.22,1031.82,1719.55,2151.63,2498.33,2866.16,3994.79,5575.45,7475.78,7926.76,8931.56,10765.9,12208.83,13771.4,15815.96,16238.04,17261.95,18591.61,17724.86,16473.74,15482.4,13934.13,11504,8794.43,7726.16,5439.79,3754.43,2608.16,1784.45,1297.85,1111.02,919.92,452.16,434.99,543,538.7,345.2,235.84,158.65,168.25,133.52
170731,18:16:19,170731,18:17:31,0,1007,302.2,2.9,0.009,36,0.34,0,34,303.3,0.373,0,318.1,293,0,0,1.3,6.19,6.58,6.99,7.43,7.9,8.39,8.92,9.48,10.08,10.72,11.4,12.12,12.88,13.7,14.57,15.5,16.48,17.53,18.65,19.85,21.12,22.47,23.92,25.46,27.11,28.86,30.74,32.74,34.88,37.17,39.62,42.24,45.05,48.05,51.27,54.73,58.44,62.43,66.71,71.33,76.3,81.66,87.45,93.71,100.49,107.83,115.8,124.47,133.91,144.2,155.46,167.77,181.28,196.12,212.47,230.5,250.43,272.5,296.97,324.17,354.44,388.17,425.8,467.84,514.85,567.47,626.39,692.45,766.54,849.71,943.11,0,0,0,0,0,0,0,0,0,0.02,0.07,0.24,0.92,3.62,12.66,25.32,27,32.4,29.81,10.74,4.08,8.24,18.85,6.27,3.6,12.12,41.93,96.02,135.01,207.15,405.13,575.67,713.74,979.43,1664.31,2513.35,2769.74,3415.88,4302.39,5667.53,6666.12,7453.25,8890.41,10036.47,11886.8,13150.29,13519.55,13717.31,14717.2,13803.4,13022.49,11433.07,10025.84,8170.58,6102.46,5102.23,3553.79,2216.29,1404.67,1012.33,756.9,532.45,707.2,443.97,331.82,194.24,224.24,179.2,189.2,210.96,216.38
170731,18:17:50,170731,18:19:02,1,1007,302.2,2.89,0.009,36,0.34,0,34,303.3,0.373,0,318.1,293,0,0,1.3,6.19,6.58,6.99,7.43,7.9,8.39,8.92,9.48,10.08,10.72,11.4,12.12,12.88,13.7,14.57,15.5,16.48,17.53,18.65,19.85,21.12,22.47,23.92,25.46,27.11,28.86,30.74,32.74,34.88,37.17,39.62,42.24,45.05,48.05,51.27,54.73,58.44,62.43,66.72,71.33,76.3,81.66,87.45,93.71,100.49,107.83,115.8,124.47,133.91,144.21,155.46,167.77,181.28,196.13,212.47,230.5,250.43,272.5,296.98,324.17,354.44,388.17,425.81,467.85,514.86,567.47,626.4,692.45,766.54,849.71,943.12,136.39,0,0,0,0,0,0,0,0.15,0.57,2.15,7.99,23.96,36.23,20.78,6.64,1.64,0.37,0.11,0.2,1.08,6.17,18.64,13.56,15.61,43.69,146.63,118.12,71.77,135.31,314.27,577.92,769.27,1027.24,1568.59,1735.99,2096.3,2477.22,3331.98,4133.71,4860.22,5666.53,6471.57,7521.77,8000.98,8758.94,8951.33,9877.99,10190.26,8855.84,8506.68,7902.47,7111.44,4687.18,3495.56,3178.07,2047.53,1182.96,1055.55,776.62,778.26,422.96,222.96,274.03,174.84,190.46,116.5,91.24,84.5,33.1,23.98
170731,18:19:20,170731,18:20:32,0,1007,302.2,2.9,0.011,36,0.34,0,34,303.3,0.373,0,318.1,293,0,0,1.3,6.19,6.58,6.99,7.43,7.9,8.39,8.92,9.48,10.08,10.72,11.4,12.12,12.88,13.7,14.57,15.5,16.48,17.53,18.65,19.85,21.12,22.47,23.92,25.46,27.11,28.86,30.74,32.74,34.88,37.17,39.62,42.24,45.05,48.05,51.27,54.73,58.44,62.43,66.71,71.33,76.3,81.66,87.45,93.71,100.49,107.83,115.8,124.47,133.91,144.2,155.46,167.77,181.28,196.12,212.47,230.5,250.43,272.5,296.97,324.17,354.44,388.17,425.8,467.84,514.85,567.47,626.39,692.45,766.54,849.71,943.11,0,0,0,0,0,0,0,0,0,0,0.01,0.04,0.19,0.89,4.05,15.77,29.5,15.93,8.21,15.18,26.85,9.03,1.78,0.68,2.6,14.49,36.09,39.23,70.73,185.28,312.5,436.15,502.65,660.78,778.18,1097.56,1549.27,1927.03,2786.61,3387.78,3572.59,3633.05,4428.33,5280.68,5626.78,6087.23,6974.4,6834.29,7129.4,7698.04,6741.56,5843.71,4818.91,4555.03,3287.57,2144.45,1608.01,1210.83,728.71,543.01,439.29,401.48,434.27,365.52,195.75,215.58,145.55,120.09,61.46,6.04,0.68
170731,18:20:50,170731,18:22:03,1,1007,302.3,2.9,0.011,36,0.34,0,34,303.3,0.373,0,318.1,293,0,0,1.3,6.19,6.58,6.99,7.43,7.9,8.39,8.92,9.48,10.08,10.72,11.4,12.12,12.88,13.7,14.57,15.5,16.48,17.53,18.65,19.85,21.12,22.47,23.92,25.46,27.11,28.86,30.74,32.74,34.88,37.17,39.62,42.24,45.05,48.05,51.27,54.73,58.44,62.43,66.72,71.33,76.3,81.66,87.45,93.71,100.49,107.83,115.8,124.47,133.91,144.21,155.46,167.77,181.28,196.13,212.47,230.5,250.43,272.5,296.98,324.17,354.44,388.17,425.81,467.85,514.86,567.47,626.4,692.45,766.54,849.71,943.12,36.58,0,0,0,0,0,0,0,0,0,0,0,0,0,0,0,0,0,0,0,0,0,0.01,0.02,0.11,0.74,5.48,30.59,68.96,150.74,170.9,251.79,470.56,553.8,707.61,1026.47,1489.4,1364.4,1594.14,2061.04,2773.05,2875.81,3282.51,4124.96,4850.09,4666.09,4728.19,4670.12,4972.22,4784.97,4195.57,3745.99,3708.49,3022.54,2160.92,1812.35,1111.55,995.66,411.06,450.03,232.44,162.76,162.04,117.45,190.18,70.3,69.64,55.59,43.61,114.13,15.96
170731,18:22:21,170731,18:23:33,0,1007,302.3,2.89,0.007,36,0.34,0,34,303.3,0.373,0,318.1,293,0,0,1.3,6.19,6.58,6.99,7.43,7.9,8.39,8.92,9.48,10.08,10.72,11.4,12.12,12.89,13.7,14.57,15.5,16.48,17.54,18.66,19.85,21.12,22.48,23.92,25.46,27.11,28.87,30.74,32.75,34.89,37.18,39.63,42.25,45.05,48.06,51.28,54.74,58.45,62.44,66.72,71.34,76.31,81.68,87.47,93.73,100.5,107.85,115.82,124.49,133.93,144.22,155.48,167.79,181.3,196.15,212.49,230.52,250.45,272.52,297,324.19,354.46,388.19,425.82,467.86,514.87,567.48,626.4,692.45,766.55,849.71,943.11,0,0,0,0,0,0,0,0,0,0,0,0,0,0,0,0,0,0,0,0,0.02,0.14,0.89,6.01,27.96,25.52,14.07,26.92,28.87,32.05,72.56,135.99,207.63,365.08,598.3,625.66,802.83,1218.34,1155.81,1612.91,1971.85,2468.65,2379.58,2882.71,3081.6,3276.12,3771.37,4307.18,4395.59,4464.03,3682.25,3342.48,2613.94,2440.57,1349.49,1056.11,679.17,756.85,512.22,294.14,342.15,301.23,101.65,133.96,153.07,92.58,74.93,25.43,18.42,28.36,35.29
170731,18:23:51,170731,18:25:03,1,1006,302.3,2.9,0.009,36,0.34,0,34,303.3,0.373,0,318.1,293,0,0,1.3,6.19,6.58,6.99,7.43,7.9,8.39,8.92,9.48,10.08,10.72,11.4,12.12,12.88,13.7,14.57,15.5,16.48,17.53,18.65,19.85,21.12,22.47,23.92,25.46,27.11,28.86,30.74,32.74,34.88,37.17,39.62,42.24,45.05,48.05,51.28,54.73,58.44,62.43,66.72,71.33,76.31,81.67,87.46,93.72,100.49,107.84,115.81,124.48,133.92,144.22,155.47,167.79,181.3,196.14,212.49,230.52,250.46,272.53,297.01,324.21,354.48,388.22,425.86,467.91,514.93,567.55,626.49,692.56,766.67,849.85,943.28,0,0,0,0,0,0,0,0,0,0,0,0,0,0,0,0,0,0,0,0,0.01,0.03,0.18,1.22,8.38,30.59,12.69,18,60.88,106.55,91.69,214.31,376.18,454.38,690.82,763.34,779.46,872.49,1324.38,1422.58,1668.34,1980.2,1738.08,2192.63,2503.97,2585.49,2940.4,2610.75,2603.11,2704.2,2779.7,2055.07,1659.19,1313.01,828.77,750.83,394.6,314.19,429.18,382.81,242.08,176.12,106.75,107.1,108.62,123.81,89.98,37.46,6.52,23.87,29.3
170731,18:25:21,170731,18:26:34,0,1006,302.3,2.9,0.009,36,0.34,0,34,303.3,0.373,0,318.1,293,0,0,1.3,6.19,6.58,6.99,7.43,7.9,8.39,8.92,9.48,10.08,10.72,11.4,12.12,12.89,13.7,14.57,15.5,16.48,17.54,18.65,19.85,21.12,22.48,23.92,25.46,27.11,28.87,30.74,32.75,34.89,37.18,39.63,42.25,45.05,48.06,51.28,54.74,58.45,62.44,66.73,71.34,76.32,81.68,87.47,93.73,100.51,107.85,115.83,124.5,133.94,144.24,155.49,167.81,181.32,196.16,212.51,230.54,250.48,272.55,297.03,324.23,354.5,388.24,425.88,467.92,514.94,567.56,626.5,692.56,766.67,849.85,943.28,0,0,0,0,0,0,0,0,0,0,0,0,0,0,0,0,0,0,0,0,0,0,0,0,0.01,0.06,0.47,3.87,27.02,82.06,107.95,84.14,81.4,251.59,505.5,511.13,468.29,581.06,704.02,812.04,913.66,1235.25,1378.15,1754.86,2070.79,2518.85,2275.33,2306.81,2315.44,2442.18,1763.53,1424.84,1115.18,1126.31,991.72,680.44,565.04,398.05,230.95,139.97,134.75,114.81,87.67,33.84,146.78,52.27,65.25,30.99,42.18,15.94,2.68
170731,18:26:52,170731,18:28:04,1,1006,302.3,2.9,0.007,36,0.34,0,34,303.3,0.373,0,318.1,293,0,0,1.3,6.19,6.58,6.99,7.43,7.9,8.39,8.92,9.48,10.08,10.72,11.4,12.12,12.89,13.7,14.57,15.5,16.48,17.54,18.65,19.85,21.12,22.48,23.92,25.46,27.11,28.87,30.74,32.75,34.89,37.18,39.63,42.25,45.05,48.06,51.28,54.74,58.45,62.44,66.73,71.34,76.32,81.68,87.47,93.73,100.51,107.85,115.83,124.5,133.94,144.24,155.49,167.81,181.32,196.17,212.51,230.55,250.48,272.55,297.03,324.23,354.5,388.24,425.88,467.93,514.94,567.56,626.5,692.57,766.67,849.86,943.28,0,0,0,0,0,0,0,0,0,0,0,0.01,0.02,0.04,0.14,0.57,2.6,11.26,24.52,18.1,20.28,23.69,9,9.19,28.75,43.3,21.68,12.43,33.24,51.22,54.94,117.99,119.76,105.12,338.25,458.44,395.62,465.82,479.65,743.49,949.46,1129.07,1156.62,1072.54,1429.78,1620.87,1563.79,1411.26,1537.39,1304.02,1383.78,1495.61,925.01,757.44,548.31,403.58,340.59,253.26,232.26,198.98,95.27,129.21,45.76,46.5,26.41,54.69,3.9,0.7,2.02,18.78,2.52
170731,18:28:22,170731,18:29:34,0,1006,302.3,2.9,0.008,36,0.34,0,34,303.3,0.373,0,318.1,293,0,0,1.3,6.19,6.58,6.99,7.43,7.9,8.39,8.92,9.48,10.08,10.72,11.4,12.12,12.89,13.7,14.57,15.5,16.48,17.54,18.65,19.85,21.12,22.48,23.92,25.46,27.11,28.87,30.74,32.75,34.89,37.18,39.63,42.25,45.05,48.06,51.28,54.74,58.45,62.44,66.73,71.34,76.32,81.68,87.47,93.73,100.51,107.85,115.83,124.5,133.94,144.24,155.49,167.81,181.32,196.16,212.51,230.54,250.48,272.55,297.03,324.23,354.5,388.24,425.88,467.92,514.94,567.56,626.5,692.56,766.67,849.85,943.28,0,0,0,0,0,0,0,0,0,0,0,0,0,0,0,0,0,0,0,0,0,0,0.01,0.07,0.47,3.52,15.11,9.24,20.5,42.47,21.87,35.33,69.17,108.19,222.47,365.49,347.95,445.61,628.9,570.66,670.35,687.79,1036.11,848.96,936.85,1087.33,1317.17,1432.32,1527.63,1203.07,1136.93,1100.95,743.01,680.95,557.05,449.88,320.98,157.86,167.4,239.03,211.37,118.42,42.93,41.79,58.13,5.05,0.57,0.07,0.01,0,0
170731,18:29:53,170731,18:31:05,1,1007,302.3,2.91,0.009,36,0.34,0,34,303.3,0.373,0,318.1,293,0,0,1.3,6.19,6.58,6.99,7.43,7.9,8.39,8.92,9.48,10.08,10.72,11.4,12.12,12.89,13.7,14.57,15.5,16.48,17.54,18.65,19.85,21.12,22.48,23.92,25.46,27.11,28.87,30.74,32.75,34.89,37.18,39.63,42.25,45.05,48.06,51.28,54.74,58.45,62.44,66.73,71.34,76.32,81.68,87.47,93.73,100.51,107.85,115.83,124.5,133.94,144.24,155.49,167.81,181.32,196.17,212.51,230.55,250.48,272.55,297.03,324.23,354.5,388.24,425.88,467.93,514.94,567.56,626.5,692.57,766.67,849.86,943.28,0,0,0,0,0,0,0,0,0,0,0,0,0,0,0,0,0,0.01,0.05,0.27,1.6,9.21,24.43,6.84,1.87,5.1,27.36,43.94,29.71,57,24.66,41.02,163.34,102.78,65.97,97.66,185.96,254.32,210.7,295.11,441.12,503.9,818.36,871.4,956.72,843.9,1137.53,886.76,721.28,638.65,915.27,556.41,443.04,483.94,452.66,205.29,187.58,243.68,79.15,70.43,19.48,54.15,61.02,27.02,43,69.46,4.53,0.65,0.08,0.01,0
170731,18:31:23,170731,18:32:35,0,1007,302.3,2.9,0.006,36,0.34,0,34,303.3,0.373,0.001,318.1,293,0,0,1.3,6.19,6.58,6.99,7.43,7.9,8.39,8.92,9.48,10.08,10.72,11.4,12.12,12.88,13.7,14.57,15.5,16.48,17.53,18.65,19.85,21.12,22.47,23.92,25.46,27.11,28.86,30.74,32.74,34.88,37.17,39.62,42.24,45.05,48.05,51.28,54.73,58.44,62.43,66.72,71.33,76.3,81.67,87.46,93.72,100.49,107.84,115.81,124.48,133.92,144.22,155.47,167.78,181.29,196.14,212.49,230.52,250.45,272.52,297.01,324.21,354.48,388.22,425.86,467.91,514.93,567.55,626.49,692.56,766.67,849.85,943.28,0,0,0,0,0,0,0,0,0,0,0,0,0.01,0.07,0.36,1.84,9.37,42.49,89.46,37.18,8.31,2.95,8.35,24.18,8.45,8.22,19.79,3.89,0.94,3.59,24.07,37.76,21.91,52.64,118.65,212.58,255.47,345.65,286.65,217.17,470.06,483.77,478.26,590.6,603.44,570.67,581.59,874.57,693.83,713.84,702.06,757.56,471.9,261.57,376.31,183.61,167.71,154.79,147.92,114.26,114.01,31.23,6.23,37.52,2.96,0.35,0.04,0,0,0,0
170731,18:32:53,170731,18:34:06,1,1007,302.3,2.9,0.006,36,0.34,0,34,303.4,0.373,0,318.1,293,0,0,1.3,6.19,6.58,6.99,7.43,7.9,8.39,8.92,9.48,10.08,10.72,11.4,12.12,12.88,13.7,14.57,15.5,16.48,17.53,18.65,19.85,21.12,22.47,23.92,25.46,27.11,28.86,30.74,32.74,34.88,37.17,39.62,42.24,45.05,48.05,51.28,54.73,58.44,62.43,66.72,71.33,76.31,81.67,87.46,93.72,100.49,107.84,115.81,124.48,133.92,144.22,155.47,167.79,181.3,196.14,212.49,230.52,250.46,272.53,297.01,324.21,354.48,388.22,425.86,467.91,514.93,567.55,626.49,692.56,766.67,849.85,943.28,0,0,0,0,0,0,0,0,0,0,0,0,0,0,0,0,0,0.01,0.05,0.28,1.66,9.57,25.65,7.18,1.79,4.03,15.03,12.13,13.96,5.68,12.73,36.7,111.72,97.08,53.75,51.78,91.69,93.22,173.79,309.69,373.93,269.24,452.87,577.52,357.8,353.52,489.46,525.61,542.79,591.68,566.3,484.51,374.77,382.6,201.9,96.35,147.99,75.02,20.41,54.39,26.42,63.49,8.11,20.18,13.42,1.09,0.12,0.01,0,0,0
170731,18:34:24,170731,18:35:36,0,1007,302.3,2.9,0.008,36,0.34,0,34,303.4,0.373,0,318.1,293,0,0,1.3,6.19,6.58,6.99,7.43,7.9,8.39,8.92,9.48,10.08,10.72,11.4,12.12,12.88,13.7,14.57,15.5,16.48,17.53,18.65,19.85,21.12,22.47,23.92,25.46,27.11,28.86,30.74,32.74,34.88,37.17,39.62,42.24,45.05,48.05,51.28,54.73,58.44,62.43,66.72,71.33,76.3,81.67,87.46,93.72,100.49,107.84,115.81,124.48,133.92,144.22,155.47,167.78,181.29,196.14,212.49,230.52,250.45,272.52,297.01,324.21,354.48,388.22,425.86,467.91,514.93,567.55,626.49,692.56,766.67,849.85,943.28,0,0,0,0,0,0,0,0,0,0,0,0,0,0,0,0,0.02,0.07,0.34,1.87,10.2,26.69,8.87,2.72,6.95,22.52,4.94,0.71,0.15,0.45,4.22,28.92,29.28,48.97,29.04,44.33,69.05,87.45,157.7,242.33,202.82,236.63,359.44,499.41,310.6,299.49,417.89,358.63,416.85,485.41,448.94,287.71,325.72,342.11,294.56,228.05,121.27,60.72,29.06,35.08,7.24,1.73,10.51,2.58,17.88,39.64,4.13,12.09,4.05,10.76,1.13
170731,18:35:54,170731,18:37:06,1,1007,302.3,2.9,0.008,36,0.34,0,34,303.4,0.373,0,318.1,293,0,0,1.3,6.19,6.58,6.99,7.43,7.9,8.39,8.92,9.48,10.08,10.72,11.4,12.12,12.88,13.7,14.57,15.5,16.48,17.53,18.65,19.85,21.12,22.47,23.92,25.46,27.11,28.86,30.74,32.74,34.89,37.17,39.62,42.24,45.05,48.05,51.28,54.73,58.44,62.43,66.72,71.33,76.31,81.67,87.46,93.72,100.49,107.84,115.81,124.48,133.92,144.21,155.46,167.78,181.29,196.13,212.48,230.51,250.44,272.51,296.98,324.18,354.45,388.18,425.81,467.85,514.86,567.47,626.4,692.45,766.55,849.71,943.12,0,0,0,0,0,0,0,0,0,0,0,0,0,0,0.01,0.07,0.36,1.8,8.59,25.35,36.14,26.86,8.6,8.69,29.22,48.88,24.7,10.12,19.17,32.56,49.27,48.02,48.44,57.2,47.86,110.85,105.79,103.7,112.97,258.17,205.55,274.52,305.71,316.49,167.8,136.8,193.88,379.14,455.98,356.08,380.49,361.13,198.46,234.97,201.32,71.71,43.5,39.22,73.7,81.36,56.79,18.83,15.51,1.25,1.99,18.09,1.24,0.17,0.02,0,0
170731,18:37:24,170731,18:38:37,0,1007,302.3,2.91,0.006,36,0.34,0,34,303.4,0.373,0,318.1,293.1,0,0,1.3,6.19,6.58,6.99,7.43,7.9,8.39,8.92,9.48,10.08,10.72,11.4,12.12,12.88,13.7,14.57,15.5,16.48,17.53,18.65,19.85,21.12,22.47,23.92,25.46,27.11,28.86,30.74,32.74,34.89,37.17,39.62,42.24,45.05,48.05,51.28,54.73,58.44,62.43,66.72,71.33,76.31,81.67,87.46,93.72,100.49,107.84,115.81,124.48,133.92,144.21,155.46,167.78,181.29,196.13,212.48,230.51,250.44,272.5,296.98,324.18,354.45,388.18,425.81,467.85,514.86,567.47,626.4,692.45,766.54,849.71,943.11,0,0,0,0,0,0,0,0,0,0,0,0,0,0,0,0,0.01,0.05,0.22,1.12,6.02,19.93,28.12,44.3,30.04,7.63,11.26,39.96,17.64,11.47,1.86,1.71,12.67,48.18,119.92,74.39,11.27,29.81,115.67,132.02,99.14,134.53,115.12,193.69,125.24,196.55,291.66,149.66,375.64,285.01,247.98,267.57,225.66,159.8,112.63,103.17,130.51,29.53,70.33,16.81,7.2,69.9,7.97,5.91,0.57,0.05,0.01,0.08,0.84,14.45,0.99
170731,18:38:55,170731,18:40:07,1,1007,302.4,2.9,0.007,36,0.34,0,34,303.4,0.373,0,318.1,293.1,0,0,1.3,6.19,6.58,6.99,7.43,7.9,8.39,8.92,9.48,10.08,10.72,11.4,12.12,12.88,13.7,14.57,15.5,16.48,17.53,18.65,19.85,21.12,22.47,23.92,25.46,27.11,28.86,30.74,32.74,34.89,37.17,39.62,42.24,45.05,48.05,51.28,54.73,58.44,62.43,66.72,71.33,76.31,81.67,87.46,93.72,100.49,107.84,115.81,124.48,133.92,144.21,155.46,167.78,181.29,196.13,212.48,230.51,250.44,272.51,296.98,324.18,354.45,388.18,425.81,467.85,514.86,567.47,626.4,692.45,766.55,849.71,943.12,0,0,0,0,0,0,0,0,0,0,0.01,0.03,0.15,0.63,2.69,9.99,21.58,27.7,48.31,58.82,19.22,4.06,1.98,7.88,23.94,5.44,0.8,0.16,0.35,3.02,21.67,42.97,22.28,31.5,61.52,96.27,54.93,74.23,135.05,125.64,137.16,239.89,74.94,115.07,171.98,296.4,187.61,149.75,283.56,340.67,266.2,285.93,127.62,76.23,31.26,57.18,55.09,35.72,44.22,82.97,4.85,0.72,1.64,14.55,1.14,0.13,0.01,0,0,0,0
170731,18:40:25,170731,18:41:38,0,1007,302.4,2.9,0.008,36,0.34,0,34,303.4,0.373,0,318.2,293.1,0,0,1.3,6.19,6.58,6.99,7.43,7.9,8.39,8.92,9.48,10.08,10.72,11.4,12.12,12.88,13.7,14.57,15.5,16.48,17.53,18.65,19.85,21.12,22.47,23.92,25.46,27.11,28.86,30.74,32.74,34.89,37.18,39.62,42.24,45.05,48.06,51.28,54.73,58.45,62.43,66.72,71.34,76.31,81.67,87.46,93.72,100.5,107.84,115.82,124.49,133.93,144.22,155.47,167.79,181.3,196.15,212.5,230.53,250.46,272.53,297.01,324.22,354.49,388.22,425.87,467.91,514.93,567.55,626.49,692.56,766.67,849.85,943.28,0,0,0,0,0,0,0,0,0,0,0,0,0,0,0,0,0,0,0,0,0.02,0.12,0.79,5.22,19.56,16.48,26.34,43.02,54.45,39.24,18.64,3.28,7.8,61.07,99.37,44.43,12.53,14.84,18.11,32.46,127.74,120.61,166.99,217.16,149.27,131.52,184.09,158.33,115.02,140.92,159.92,164.04,193.44,97.77,132.94,89.44,78.42,66.5,42.31,39.47,5.51,20.62,35.94,3.08,1.95,17.85,0.96,0.15,0.02,0,0
170731,18:41:56,170731,18:43:08,1,1007,302.4,2.91,0.008,36,0.34,0,34,303.4,0.373,0,318.2,293.1,0,0,1.3,6.19,6.58,6.99,7.43,7.9,8.39,8.92,9.48,10.08,10.72,11.4,12.12,12.88,13.7,14.57,15.5,16.48,17.53,18.65,19.85,21.12,22.47,23.92,25.46,27.11,28.87,30.74,32.74,34.89,37.18,39.62,42.24,45.05,48.06,51.28,54.73,58.45,62.43,66.72,71.34,76.31,81.67,87.46,93.72,100.5,107.84,115.82,124.49,133.93,144.22,155.47,167.79,181.3,196.15,212.5,230.53,250.46,272.53,297.02,324.22,354.49,388.23,425.87,467.92,514.93,567.56,626.5,692.56,766.67,849.85,943.28,0,0,0,0,0,0,0,0,0,0,0,0,0,0,0,0,0,0,0,0,0.02,0.13,0.87,5.64,20.06,15.81,25.77,47.03,40.94,12.52,23.38,49.74,66.36,101.98,35.79,22.59,36.05,27.53,78.78,149.52,159.25,226.96,208.97,203.7,269.98,167.31,107.97,134.75,210.55,103.06,205.96,240.28,117.51,142.54,116.54,27.61,30.15,39.46,5.8,34.3,4.41,15.9,26.31,15.49,0.76,0.11,0.01,0,0,0,0
170731,18:43:26,170731,18:44:38,0,1007,302.4,2.9,0.008,36,0.34,0,34,303.4,0.373,0.001,318.2,293.1,0,0,1.3,6.19,6.58,6.99,7.43,7.9,8.39,8.92,9.48,10.08,10.72,11.4,12.12,12.88,13.7,14.57,15.5,16.48,17.53,18.65,19.85,21.12,22.47,23.92,25.46,27.11,28.86,30.74,32.74,34.89,37.18,39.62,42.24,45.05,48.06,51.28,54.73,58.45,62.43,66.72,71.34,76.31,81.67,87.46,93.72,100.5,107.84,115.82,124.49,133.93,144.22,155.47,167.79,181.3,196.15,212.5,230.53,250.46,272.53,297.01,324.22,354.49,388.22,425.87,467.91,514.93,567.55,626.49,692.56,766.67,849.85,943.28,0,0,0,0,0,0,0,0,0,0,0,0,0,0,0,0,0.02,0.11,0.64,3.71,20.47,53.59,17.29,4.19,7.45,33.36,31.09,5.17,0.72,0.24,1.41,8.74,3.93,12.65,19.91,7.46,38.23,81.36,84.67,75.43,99.59,111.66,82.03,95.96,175.51,181.42,174.2,135.25,120.69,287.48,201.54,73.23,123.12,50.37,115.48,44.72,40.89,32.55,67.44,23.04,1.88,1.5,16.44,1.52,1.57,16.87,0.68,0.08,0.01,0,0
170731,18:44:56,170731,18:46:09,1,1007,302.4,2.9,0.01,36,0.34,0,34,303.4,0.373,0,318.2,293.1,0,0,1.3,6.19,6.58,6.99,7.43,7.9,8.39,8.92,9.48,10.08,10.72,11.4,12.12,12.88,13.7,14.57,15.5,16.48,17.53,18.65,19.85,21.12,22.47,23.92,25.46,27.11,28.87,30.74,32.74,34.89,37.18,39.62,42.24,45.05,48.06,51.28,54.73,58.45,62.43,66.72,71.34,76.31,81.67,87.46,93.72,100.5,107.84,115.82,124.49,133.93,144.22,155.47,167.79,181.3,196.15,212.5,230.53,250.46,272.53,297.02,324.22,354.49,388.23,425.87,467.92,514.93,567.56,626.5,692.56,766.67,849.85,943.28,0,0,0,0,0,0,0,0,0,0,0,0,0,0,0,0,0,0,0,0,0,0,0,0,0,0,0,0.04,0.32,2.91,21.24,35.99,15.35,44.34,19.05,31.21,115.49,30.06,54.74,130.58,24.98,50.65,50.95,20.87,87.91,78.21,56.22,156.75,161.51,157.92,164.62,139.64,67.87,39.31,18.69,54.8,61.75,55.77,20.39,24.33,1.41,0.19,0.13,1.42,17.8,1.23,0.08,0.01,0,0,0
170731,18:46:27,170731,18:47:39,0,1007,302.4,2.9,0.01,36,0.34,0,34,303.4,0.373,0.001,318.2,293.1,0,0,1.3,6.19,6.58,6.99,7.43,7.9,8.39,8.92,9.48,10.08,10.72,11.4,12.12,12.88,13.7,14.57,15.5,16.48,17.53,18.65,19.85,21.12,22.47,23.92,25.46,27.11,28.86,30.74,32.74,34.89,37.18,39.62,42.24,45.05,48.06,51.28,54.73,58.45,62.43,66.72,71.34,76.31,81.67,87.46,93.72,100.5,107.84,115.82,124.49,133.93,144.22,155.47,167.79,181.3,196.15,212.5,230.53,250.46,272.53,297.01,324.22,354.49,388.22,425.87,467.91,514.93,567.55,626.49,692.56,766.67,849.85,943.28,0,0,0,0,0,0,0,0,0,0,0,0,0,0,0,0,0,0,0,0.01,0.05,0.28,1.84,12.14,44.29,29.06,35.32,24.03,3.7,0.71,2.03,14.01,22.65,22.25,37.09,49.23,46.38,94.12,33.13,56.95,101.31,48.61,61.45,133.11,136.44,232.28,215.36,88.78,166.9,123.37,128.43,121.68,85.27,12.76,2.07,9.08,10,1.27,3.68,0.76,6.4,0.64,0.11,0.95,22.48,14.39,1.1,0.08,0,0,0
170731,18:47:57,170731,18:49:09,1,1007,302.4,2.89,0.01,36,0.34,0,34,303.4,0.373,0,318.2,293.1,0,0,1.3,6.19,6.58,6.99,7.43,7.9,8.39,8.92,9.48,10.08,10.72,11.4,12.12,12.88,13.7,14.57,15.5,16.48,17.53,18.65,19.85,21.12,22.47,23.92,25.46,27.11,28.87,30.74,32.74,34.89,37.18,39.62,42.24,45.05,48.06,51.28,54.73,58.45,62.43,66.72,71.34,76.31,81.67,87.46,93.72,100.5,107.84,115.82,124.49,133.93,144.22,155.47,167.79,181.3,196.15,212.5,230.53,250.46,272.53,297.02,324.22,354.49,388.23,425.87,467.92,514.93,567.56,626.5,692.56,766.67,849.85,943.28,0,0,0,0,0,0,0,0,0,0,0,0,0,0,0,0,0,0,0,0,0,0,0,0,0.03,0.2,1.54,12.64,66.92,54.45,49.75,28.76,29.51,45.53,19.94,14.13,14.73,2.38,6.46,24.48,80.74,105.28,76.23,27.34,68.22,167.2,121.24,53.85,80.21,114.76,150.35,174.35,65.96,76.37,80.38,51.22,16.1,2.88,14.73,1.14,1.92,21.84,30.34,1.57,0.22,0.01,0,0,0,0,0
170731,18:49:27,170731,18:50:40,0,1007,302.4,2.91,0.01,36,0.34,0,34,303.5,0.373,0,318.2,293.1,0,0,1.3,6.19,6.58,6.99,7.43,7.9,8.39,8.92,9.48,10.08,10.72,11.4,12.12,12.88,13.7,14.57,15.5,16.48,17.53,18.65,19.85,21.12,22.47,23.92,25.46,27.11,28.86,30.74,32.74,34.89,37.18,39.62,42.24,45.05,48.06,51.28,54.73,58.45,62.43,66.72,71.34,76.31,81.67,87.46,93.72,100.5,107.84,115.82,124.49,133.93,144.22,155.47,167.79,181.3,196.15,212.5,230.53,250.46,272.53,297.01,324.22,354.49,388.22,425.87,467.91,514.93,567.55,626.49,692.56,766.67,849.85,943.28,0,0,0,0,0,0,0,0,0,0,0,0,0,0,0,0,0,0,0,0,0,0,0,0,0.02,0.14,1.1,9.1,52.15,24.91,4.07,8.09,49.09,15.89,39.89,41.02,23.88,26.33,43.56,24.9,21.81,66.18,125.28,98.58,81.36,159.47,107.42,143.47,82.2,85.06,82.49,121.1,133.1,98.14,36.42,49.56,8.68,2.16,15.47,2.47,11.42,4.09,25.69,1.43,1.44,11.89,0.78,0.08,0.01,0,0
170731,18:50:58,170731,18:52:10,1,1007,302.4,2.9,0.008,36,0.34,0,34,303.5,0.373,0,318.2,293.1,0,0,1.3,6.19,6.58,6.99,7.43,7.9,8.39,8.92,9.48,10.08,10.72,11.4,12.12,12.88,13.7,14.57,15.5,16.48,17.53,18.65,19.85,21.12,22.48,23.92,25.46,27.11,28.87,30.74,32.75,34.89,37.18,39.62,42.25,45.05,48.06,51.28,54.74,58.45,62.43,66.72,71.34,76.31,81.67,87.46,93.72,100.5,107.84,115.82,124.48,133.92,144.22,155.47,167.79,181.3,196.14,212.49,230.52,250.45,272.51,296.99,324.19,354.45,388.18,425.82,467.86,514.87,567.48,626.4,692.46,766.55,849.71,943.12,0,0,0,0,0,0,0,0.02,0.11,0.47,1.97,7.81,24.22,37.28,20.98,6.52,1.55,0.33,0.06,0.02,0.02,0.13,0.8,5.19,18.78,17.03,28.2,35.69,40.72,53.47,43.73,31.34,7.52,12.86,19.56,33.78,48.49,81.55,34.16,61.26,77.65,69.53,43.98,111.06,81.24,79.04,161.47,125.38,114.24,37.63,76.96,80.09,94.48,93.46,47.62,16.47,35.25,20.82,16.95,10.37,0.7,0.07,0.02,0.12,1.68,16.39,0.6,0.06,0.01,0,0
170731,18:52:28,170731,18:53:40,0,1007,302.4,2.9,0.008,36,0.34,0,34,303.5,0.373,0.001,318.2,293.1,0,0,1.3,6.19,6.58,6.99,7.43,7.9,8.39,8.92,9.48,10.08,10.72,11.4,12.12,12.88,13.7,14.57,15.5,16.48,17.53,18.65,19.85,21.12,22.47,23.92,25.46,27.11,28.87,30.74,32.75,34.89,37.18,39.62,42.24,45.05,48.06,51.28,54.74,58.45,62.43,66.72,71.34,76.31,81.67,87.46,93.72,100.5,107.84,115.81,124.48,133.92,144.22,155.47,167.79,181.29,196.14,212.48,230.51,250.44,272.51,296.99,324.19,354.45,388.18,425.81,467.85,514.86,567.47,626.4,692.45,766.54,849.71,943.11,0,0,0,0,0,0,0,0,0,0,0,0,0,0,0,0,0,0.01,0.03,0.18,1.08,6.28,21.97,27.64,22.99,5.75,5.69,18.66,13.15,28.28,20.83,2.99,3.95,23.67,7.45,23.1,34.6,55.49,54.8,71.78,68.82,103.03,142.48,85.45,57.97,73.88,150.14,73.94,52.46,39.88,132.42,88.06,46.08,100.75,17.46,6.44,0.55,0.31,3.79,2.15,14.22,0.85,0.1,0.98,20.26,0.83,0.1,0.01,0,0,0
170731,18:53:59,170731,18:55:11,1,1007,302.5,2.9,0.009,36,0.34,0,34,303.5,0.373,0.001,318.2,293.1,0,0,1.3,6.19,6.58,6.99,7.43,7.9,8.39,8.92,9.48,10.08,10.72,11.4,12.12,12.88,13.7,14.57,15.5,16.48,17.53,18.65,19.85,21.12,22.48,23.92,25.46,27.11,28.87,30.74,32.75,34.89,37.18,39.62,42.25,45.05,48.06,51.28,54.74,58.45,62.43,66.72,71.34,76.31,81.67,87.46,93.72,100.5,107.84,115.82,124.48,133.92,144.22,155.47,167.79,181.3,196.14,212.49,230.52,250.45,272.51,296.99,324.19,354.45,388.18,425.82,467.86,514.87,567.48,626.4,692.46,766.55,849.71,943.12,0,0,0,0,0,0,0,0,0,0,0,0,0,0,0,0,0,0,0,0,0,0,0.02,0.11,0.78,5.81,30.6,25.57,3.75,0.84,3.32,25.46,61.28,18.79,7.28,30.87,10.73,4.66,5.94,10.93,6.06,28.18,112.28,100.05,81.32,180.39,103.75,77.83,63.35,73.87,120.71,89.76,52.96,56.96,34.61,57.78,33.5,13.06,18.88,17.21,1.25,1.7,16.67,1.03,0.23,1,9.29,0.56,0.09,0,0
170731,18:55:29,170731,18:56:41,0,1007,302.5,2.9,0.007,36,0.34,0,34,303.5,0.373,0.001,318.2,293.1,0,0,1.3,6.19,6.58,6.99,7.43,7.9,8.39,8.92,9.48,10.08,10.72,11.4,12.12,12.88,13.7,14.57,15.5,16.48,17.53,18.65,19.85,21.12,22.47,23.92,25.46,27.11,28.87,30.74,32.75,34.89,37.18,39.63,42.25,45.05,48.06,51.28,54.74,58.45,62.44,66.72,71.34,76.31,81.68,87.47,93.73,100.5,107.85,115.82,124.49,133.93,144.23,155.48,167.8,181.31,196.16,212.5,230.54,250.47,272.54,297.02,324.22,354.49,388.23,425.87,467.92,514.93,567.56,626.5,692.56,766.67,849.85,943.28,0,0,0,0,0,0,0,0,0,0,0,0,0,0.02,0.12,0.59,2.98,14.46,46.99,45.74,12.94,2.51,0.58,0.97,6.36,35.4,53.99,19.29,23.2,30.92,27.94,30.44,37.14,27.11,41.51,19.47,15.03,43.49,135.85,38.47,24.49,43.15,59.5,85.67,30.23,40.22,96.54,90.44,29.04,34.26,167.65,117.96,135.85,69.17,72.65,34.86,29.88,3.65,16.12,18.74,1.56,1.46,14.28,0.85,0.19,0.74,7.61,0.69,0.09,0,0
170731,18:56:59,170731,18:58:12,1,1007,302.5,2.89,0.008,36,0.34,0,34,303.5,0.373,0.001,318.2,293.2,0,0,1.3,6.19,6.58,6.99,7.43,7.9,8.39,8.92,9.48,10.08,10.72,11.4,12.12,12.88,13.7,14.57,15.5,16.48,17.53,18.65,19.85,21.12,22.48,23.92,25.46,27.11,28.87,30.74,32.75,34.89,37.18,39.63,42.25,45.05,48.06,51.28,54.74,58.45,62.44,66.72,71.34,76.31,81.68,87.47,93.73,100.5,107.85,115.82,124.49,133.93,144.23,155.48,167.8,181.31,196.16,212.5,230.54,250.47,272.54,297.02,324.23,354.5,388.23,425.87,467.92,514.94,567.56,626.5,692.57,766.67,849.86,943.28,0,0,0,0,0,0,0,0,0,0,0,0,0,0,0,0,0,0,0,0,0,0,0,0,0,0.01,0.05,0.42,3.62,18.32,8.95,19.72,11.34,1.35,1.43,11.69,31.59,44.79,94.31,64.53,89.87,51.85,49.48,104.47,134.69,64.09,53.67,152.32,112.95,103.2,70.75,70.29,45.96,22.56,51.11,11.69,16.02,45.01,14.34,1.1,3.24,29.32,1.69,0.25,0.02,0,0,0,0,0,0
170731,18:58:30,170731,18:59:42,0,1007,302.5,2.89,0.011,36,0.34,0,34,303.5,0.373,0,318.3,293.2,0,0,1.3,6.19,6.58,6.99,7.43,7.9,8.39,8.92,9.48,10.08,10.72,11.4,12.12,12.88,13.7,14.57,15.5,16.48,17.53,18.65,19.85,21.12,22.47,23.92,25.46,27.11,28.87,30.74,32.75,34.89,37.18,39.63,42.25,45.05,48.06,51.28,54.74,58.45,62.44,66.72,71.34,76.31,81.68,87.47,93.73,100.5,107.85,115.82,124.49,133.93,144.23,155.48,167.8,181.31,196.16,212.5,230.54,250.47,272.54,297.02,324.22,354.49,388.23,425.87,467.92,514.93,567.56,626.5,692.56,766.67,849.85,943.28,0,0,0,0,0,0,0,0,0,0,0,0,0,0,0,0,0,0,0,0.01,0.03,0.1,0.41,1.66,7.21,17.97,5.98,1.43,0.93,3.46,13.82,17.16,42.58,34.73,12.95,24.24,23,25.57,19.65,34.77,75.1,51,45.31,37.54,45.85,91.41,94.94,91.03,100.74,37.25,36.62,47.69,110.19,52.27,12.23,26.75,14.52,5.12,23.99,39.34,3.49,0.94,0.13,0.03,0.27,1.5,7,0.6,0.08,0.01,0
170731,19:00:00,170731,19:01:12,1,1007,302.5,2.9,0.009,36,0.34,0,34,303.5,0.373,0,318.3,293.2,0,0,1.3,6.19,6.58,6.99,7.43,7.9,8.39,8.92,9.48,10.08,10.72,11.4,12.12,12.88,13.7,14.57,15.5,16.48,17.53,18.65,19.85,21.12,22.48,23.92,25.46,27.11,28.87,30.74,32.75,34.89,37.18,39.63,42.25,45.05,48.06,51.28,54.74,58.45,62.44,66.72,71.34,76.31,81.68,87.47,93.73,100.5,107.85,115.82,124.49,133.93,144.23,155.48,167.8,181.31,196.16,212.5,230.54,250.47,272.54,297.02,324.23,354.5,388.23,425.87,467.92,514.94,567.56,626.5,692.57,766.67,849.86,943.28,0,0,0,0,0,0,0,0,0,0,0,0,0,0.01,0.04,0.19,0.98,5.1,24.09,53.53,28.11,22.37,23.87,5.93,0.99,0.17,0.07,0.39,3.23,15.09,2.52,2.8,17.83,28.41,55.44,51.43,6.2,7.92,22.77,14.48,41.03,40.24,27.55,91.1,41.81,73.31,212.62,55.85,61.77,50.81,82.31,86.51,22.85,38.02,55.99,28.05,1.97,0.35,2.14,31.01,2.3,0.19,0.02,0.04,0.94,12.2,0.34,0.02,0,0,0
170731,19:01:30,170731,19:02:43,0,1007,302.5,2.9,0.009,36,0.34,0,34,303.5,0.373,0,318.3,293.2,0,0,1.3,6.19,6.58,6.99,7.43,7.9,8.39,8.92,9.48,10.08,10.72,11.4,12.12,12.88,13.7,14.57,15.5,16.48,17.53,18.65,19.85,21.12,22.47,23.92,25.46,27.11,28.87,30.74,32.75,34.89,37.18,39.63,42.25,45.05,48.06,51.28,54.74,58.45,62.44,66.72,71.34,76.31,81.68,87.47,93.73,100.5,107.85,115.82,124.49,133.93,144.23,155.48,167.8,181.31,196.16,212.5,230.54,250.47,272.54,297.02,324.22,354.49,388.23,425.87,467.92,514.93,567.56,626.5,692.56,766.67,849.85,943.28,0,0,0,0,0,0,0,0,0,0,0,0,0,0,0,0.01,0.07,0.39,2.16,11.16,27.06,9.75,2.9,5.99,20.25,22.41,22.21,4.69,4.72,24.76,22.54,3.06,2.16,14.89,44.48,41.82,20.45,18.79,19.15,80.54,39.26,37.32,47.45,79.52,118.41,56.1,24.08,111.04,14,10.97,46.49,11.61,28.28,81.95,58.38,17.57,47.81,6.78,2.09,19.1,1.53,2.59,36.33,2.39,0.18,0.03,0,0,0,0,0
170731,19:03:01,170731,19:04:13,1,1007,302.5,2.89,0.01,36,0.34,0,34,303.5,0.372,0.002,318.3,293.2,0,0,1.3,6.19,6.58,6.99,7.43,7.9,8.39,8.92,9.48,10.08,10.72,11.4,12.12,12.88,13.7,14.57,15.5,16.48,17.53,18.65,19.85,21.12,22.48,23.92,25.46,27.11,28.87,30.74,32.75,34.89,37.18,39.63,42.25,45.05,48.06,51.28,54.74,58.45,62.44,66.72,71.34,76.31,81.68,87.47,93.73,100.5,107.85,115.82,124.49,133.93,144.23,155.48,167.8,181.31,196.16,212.5,230.54,250.47,272.54,297.02,324.23,354.5,388.23,425.87,467.92,514.94,567.56,626.5,692.57,766.67,849.86,943.28,0,0,0,0,0,0,0,0,0,0,0,0,0,0,0,0,0,0,0.01,0.04,0.22,1.38,8.49,24.68,6.12,0.95,0.19,0.42,3.47,21.9,40.02,54.08,17.46,4.2,12.07,17.7,17.58,25.05,20.11,70.43,43.66,29.24,64.78,52.07,116.81,72.72,75.16,72.39,85.92,62.26,66.11,17.15,45.48,63.51,72.05,13.61,3.97,31.29,11.92,0.9,0.09,0.01,0.11,2.1,12.72,0.38,0.04,0,0,0,0
170731,19:04:31,170731,19:05:44,0,1007,302.5,2.91,0.01,36,0.34,0.001,34,303.5,0.37,0.001,318.3,293.2,0,0,1.3,6.19,6.58,6.99,7.43,7.9,8.39,8.92,9.48,10.08,10.72,11.4,12.12,12.88,13.7,14.57,15.5,16.48,17.53,18.65,19.85,21.12,22.47,23.92,25.46,27.11,28.87,30.74,32.75,34.89,37.18,39.63,42.25,45.05,48.06,51.28,54.74,58.45,62.44,66.72,71.34,76.31,81.68,87.47,93.73,100.5,107.85,115.82,124.49,133.93,144.23,155.48,167.8,181.31,196.16,212.5,230.54,250.47,272.54,297.02,324.22,354.49,388.23,425.87,467.92,514.93,567.56,626.5,692.56,766.67,849.85,943.28,0,0,0,0,0,0,0,0,0,0,0,0,0,0.02,0.09,0.42,2.01,9.19,27.04,41.49,31.35,8.43,1.58,0.38,0.79,5.43,21.58,4.28,0.88,2.87,16.6,13.66,43.26,15.47,1.71,1.52,12.06,22.62,75.76,42.04,14.84,33.99,18.96,62.72,93.19,57.9,26.15,30.52,14.9,91.72,55.07,85.31,82.43,141.48,37.91,81.11,15.49,2.8,17.84,1.26,0.13,0.01,0,0,0,0,0,0,0,0,0
170731,19:06:02,170731,19:07:14,1,1007,302.5,2.9,0.01,36,0.34,0,34,303.5,0.37,0,318.3,293.2,0,0,1.3,6.19,6.58,6.99,7.43,7.9,8.39,8.92,9.48,10.08,10.72,11.4,12.12,12.88,13.7,14.57,15.5,16.48,17.53,18.65,19.85,21.12,22.48,23.92,25.46,27.11,28.87,30.74,32.75,34.89,37.18,39.63,42.25,45.05,48.06,51.28,54.74,58.45,62.44,66.72,71.34,76.31,81.68,87.47,93.73,100.5,107.85,115.82,124.49,133.93,144.23,155.48,167.8,181.31,196.16,212.5,230.54,250.47,272.54,297.02,324.23,354.5,388.23,425.87,467.92,514.94,567.56,626.5,692.57,766.67,849.86,943.28,0,0,0,0,0,0,0,0,0,0,0,0,0,0.02,0.12,0.63,3.2,14.2,28.68,12.28,5.07,10.74,24.02,9.64,10.72,22.29,5.65,5.87,19.79,10.44,14.02,7.4,14.03,5,14.99,29.45,59.54,10.32,24.81,24.04,22.17,79,67.13,83.43,48.91,34.24,37.35,75.66,113.43,21.46,43.33,60.35,29.01,34.28,52.81,4.52,19.28,23.74,15.43,24.89,15.67,0.69,0.1,0.01,0,0,0,0,0,0,0
170731,19:07:32,170731,19:08:44,0,1007,302.5,2.9,0.008,36,0.34,0,34,303.5,0.37,0,318.3,293.2,0,0,1.3,6.19,6.58,6.99,7.43,7.9,8.39,8.92,9.48,10.08,10.72,11.4,12.12,12.88,13.7,14.57,15.5,16.48,17.53,18.65,19.85,21.12,22.47,23.92,25.46,27.11,28.87,30.74,32.75,34.89,37.18,39.63,42.25,45.05,48.06,51.28,54.74,58.45,62.44,66.72,71.34,76.31,81.68,87.47,93.73,100.5,107.85,115.82,124.49,133.93,144.23,155.48,167.8,181.31,196.16,212.5,230.54,250.47,272.54,297.02,324.22,354.49,388.23,425.87,467.92,514.93,567.56,626.5,692.56,766.67,849.85,943.28,0,0,0.21,0.64,1.6,3.7,8.54,19.89,39.47,50.06,35.37,15.8,5.36,1.6,0.6,0.85,3.42,14.7,30.05,12.57,2.76,0.52,0.1,0.02,0.01,0.05,0.42,3.46,22.07,38.99,19.43,2.48,0.72,4.83,43.79,55.33,7.52,4.87,4.95,12.35,48.9,40.87,46.97,68.98,65.68,48.1,47.93,117.34,64.97,23.1,27.99,47.83,60.29,26.62,83.3,26.99,14.67,23.12,1.58,0.88,11.18,2.41,15.43,12.12,0.49,0.05,0.01,0.05,1.3,16.19,0.56
170731,19:09:03,170731,19:10:15,1,1007,302.6,2.9,0.007,36,0.34,0,34,303.6,0.37,0.001,318.3,293.2,0,0,1.3,6.19,6.58,6.99,7.43,7.9,8.39,8.92,9.48,10.08,10.72,11.4,12.12,12.89,13.7,14.57,15.5,16.48,17.54,18.65,19.85,21.12,22.48,23.92,25.46,27.11,28.87,30.74,32.75,34.89,37.18,39.63,42.25,45.05,48.06,51.28,54.74,58.45,62.44,66.73,71.34,76.31,81.68,87.47,93.73,100.5,107.85,115.82,124.49,133.93,144.23,155.48,167.79,181.3,196.15,212.49,230.52,250.45,272.52,297,324.19,354.46,388.19,425.82,467.86,514.87,567.48,626.41,692.46,766.55,849.71,943.12,0,0,0,0,0,0,0,0,0,0,0,0,0,0,0,0,0,0,0,0,0,0,0,0,0,0,0.01,0.08,0.69,6.25,34.1,16.74,50.01,51.81,5.84,7.78,53.93,10.9,39.94,85.71,29.82,6.04,4.76,15.16,8.45,29.19,87.11,58.03,128.3,82.49,41.93,56.52,122.02,15.21,3.08,16.3,2.95,17.26,1.07,0.08,0.01,0,0,0,0,0,0,0,0,0,0
170731,19:10:33,170731,19:11:45,0,1007,302.6,2.9,0.009,36,0.34,0,34,303.6,0.373,0,318.3,293.2,0,0,1.3,6.19,6.58,6.99,7.43,7.9,8.39,8.92,9.48,10.08,10.72,11.4,12.12,12.89,13.7,14.57,15.5,16.48,17.54,18.65,19.85,21.12,22.48,23.92,25.46,27.11,28.87,30.74,32.75,34.89,37.18,39.63,42.25,45.05,48.06,51.28,54.74,58.45,62.44,66.72,71.34,76.31,81.68,87.47,93.73,100.5,107.85,115.82,124.49,133.93,144.22,155.48,167.79,181.3,196.15,212.49,230.52,250.45,272.52,297,324.19,354.46,388.19,425.82,467.86,514.87,567.48,626.4,692.46,766.55,849.71,943.11,0,0,0,0,0,0,0,0,0,0,0,0,0,0,0,0,0,0.01,0.04,0.26,1.59,9.32,26.45,7.61,1.25,0.2,0.03,0,0,0,0,0.03,0.29,3.19,24.01,4.97,10.55,21.49,63.11,56.56,50.47,24.86,29.82,17.37,70.83,51.9,37.85,76.13,40.11,35.16,29.53,46.01,55.76,148.75,79.19,55.34,20.86,15.81,1.17,0.12,0.01,0,0,0,0,0,0,0,0,0,0
170731,19:12:03,170731,19:13:16,1,1007,302.6,2.9,0.008,36,0.34,0,34,303.6,0.373,0,318.3,293.2,0,0,1.3,6.19,6.58,6.99,7.43,7.9,8.39,8.92,9.48,10.08,10.72,11.4,12.12,12.89,13.7,14.57,15.5,16.48,17.54,18.65,19.85,21.12,22.48,23.92,25.46,27.11,28.87,30.74,32.75,34.89,37.18,39.63,42.25,45.05,48.06,51.28,54.74,58.45,62.44,66.73,71.34,76.32,81.68,87.47,93.73,100.51,107.85,115.83,124.5,133.94,144.24,155.49,167.81,181.32,196.17,212.51,230.55,250.48,272.55,297.03,324.23,354.5,388.24,425.88,467.93,514.94,567.56,626.5,692.57,766.68,849.86,943.28,0,0,0,0,0,0,0.01,0.02,0.06,0.17,0.51,1.79,6.75,21.64,34.21,18.74,5.65,1.36,0.3,0.07,0.05,0.18,1.15,7.48,23.99,6.97,6.37,16.28,2.72,0.4,0.44,3.71,32.32,88.65,8.7,1.06,1.5,11.44,1.75,3.51,8.25,13.29,73.52,62.97,39.04,102.77,64.78,70.06,36.39,60.07,34.11,91.63,56.56,51.09,16.9,18.93,29.04,10.02,0.72,0.08,0.12,1.7,19.97,1.05,0.07,0.01,0,0,0.01,0.26,6.72
170731,19:13:34,170731,19:14:46,0,1007,302.6,2.9,0.01,36,0.34,0,34,303.6,0.373,0,318.3,293.2,0,0,1.3,6.19,6.58,6.99,7.43,7.9,8.39,8.92,9.48,10.08,10.72,11.4,12.12,12.89,13.7,14.57,15.5,16.48,17.54,18.65,19.85,21.12,22.48,23.92,25.46,27.11,28.87,30.74,32.75,34.89,37.18,39.63,42.25,45.05,48.06,51.28,54.74,58.45,62.44,66.73,71.34,76.32,81.68,87.47,93.73,100.51,107.85,115.83,124.5,133.94,144.23,155.49,167.81,181.32,196.16,212.51,230.54,250.48,272.55,297.03,324.23,354.5,388.24,425.88,467.92,514.94,567.56,626.5,692.56,766.67,849.85,943.28,0,0,0,0,0,0,0,0,0,0,0,0,0,0,0,0,0.02,0.11,0.64,3.72,20.49,53.64,17.29,4.16,7.28,32.56,30.62,5.16,1.08,3.52,23.9,22.5,5.64,12.09,19.42,25.26,28.09,9.16,47.67,78.89,14.15,8.94,73.89,29.17,63.65,33.94,9.37,6.24,21.39,75.53,26.25,98.07,58.93,12.93,9.96,0.76,0.15,1.68,21.62,13.16,1.02,0.53,8.75,0.53,0.08,0.41,6.47,0.53,0.1,0,0
170731,19:15:04,170731,19:16:16,1,1007,302.6,2.9,0.008,36,0.34,0,34,303.6,0.37,0,318.3,293.2,0,0,1.3,6.19,6.58,6.99,7.43,7.9,8.39,8.92,9.48,10.08,10.72,11.4,12.12,12.88,13.7,14.57,15.5,16.48,17.53,18.65,19.85,21.12,22.47,23.92,25.46,27.11,28.86,30.74,32.74,34.88,37.17,39.62,42.24,45.05,48.05,51.28,54.73,58.44,62.43,66.72,71.33,76.31,81.67,87.46,93.72,100.49,107.84,115.81,124.48,133.92,144.22,155.47,167.79,181.3,196.14,212.49,230.52,250.46,272.53,297.01,324.21,354.48,388.22,425.86,467.91,514.93,567.55,626.49,692.56,766.67,849.85,943.28,0,0,0,0,0,0,0,0,0,0,0,0,0,0,0.02,0.09,0.46,2.36,11.09,25.31,15.84,18.02,24.43,6.25,1.06,0.33,1.24,9.82,43.6,6.79,1.47,6.36,43.65,28.65,18.48,7.75,0.73,0.36,3.68,37.86,102.83,36.26,27.53,24.09,7.64,9.19,30.04,32.6,102.56,29.02,14.35,46.08,51.84,17.57,40.66,25.03,4.19,28.22,1.61,0.16,0.11,1.1,11.27,0.79,0.07,0.47,11.12,0.45,0.07,0,0
170731,19:16:34,170731,19:17:47,0,1007,302.6,2.89,0.008,36,0.34,0,34,303.6,0.37,0.001,318.2,293.1,0,0,1.3,6.19,6.58,6.99,7.43,7.9,8.39,8.92,9.48,10.08,10.72,11.4,12.12,12.89,13.7,14.57,15.5,16.48,17.54,18.65,19.85,21.12,22.48,23.92,25.46,27.11,28.87,30.74,32.75,34.89,37.18,39.63,42.25,45.05,48.06,51.28,54.74,58.45,62.44,66.73,71.34,76.32,81.68,87.47,93.73,100.51,107.85,115.83,124.5,133.94,144.23,155.49,167.81,181.32,196.16,212.51,230.54,250.48,272.55,297.03,324.23,354.5,388.24,425.88,467.92,514.94,567.56,626.5,692.56,766.67,849.85,943.28,0,0,0,0,0,0,0,0,0,0,0,0,0,0,0,0,0.01,0.05,0.2,1.03,5.64,21.42,44.72,51.53,11.85,1.99,1.34,8.63,41.53,15.77,20.66,36.11,36.97,8.95,17.08,15.72,22.26,46.11,5.67,7.14,30.45,58.41,59.72,22.94,72.35,62.86,30.79,149.44,80.54,19.51,34.43,3.93,14.51,40.06,4.38,9.51,0.66,0.05,0.01,0,0,0,0.01,0.32,8.32,0.26,0.02,0.01,0.2,7.33,0.58
170731,19:18:05,170731,19:19:17,1,1008,302.6,2.9,0.008,36,0.34,0,34,303.6,0.37,0,318.3,293.2,0,0,1.3,6.19,6.58,6.99,7.43,7.9,8.39,8.92,9.48,10.08,10.72,11.4,12.12,12.89,13.7,14.57,15.5,16.48,17.54,18.65,19.85,21.12,22.48,23.92,25.46,27.11,28.87,30.74,32.75,34.89,37.18,39.63,42.25,45.05,48.06,51.28,54.74,58.45,62.44,66.73,71.34,76.32,81.68,87.47,93.73,100.51,107.85,115.83,124.5,133.94,144.24,155.49,167.81,181.32,196.17,212.51,230.55,250.48,272.55,297.03,324.23,354.5,388.24,425.88,467.93,514.94,567.56,626.5,692.57,766.68,849.86,943.28,0,0,0,0,0,0,0,0,0,0,0.01,0.04,0.21,1.01,4.71,18.25,32.33,14.98,3.72,0.76,0.17,0.21,1.18,7.6,23.54,5.23,0.77,0.22,0.92,8.19,41.82,5.36,0.62,0.1,0.22,2.52,21.65,17.87,27.88,13.34,23.33,54.71,112.81,12.87,29.73,38.79,47.07,83.01,69.7,9.06,14.32,64.48,10.91,4.51,39.51,30.93,37.38,17.71,0.83,0.07,0.01,0,0,0,0,0,0,0,0,0,0
170731,19:19:35,170731,19:20:48,0,1008,302.6,2.91,0.008,36,0.34,0,34,303.6,0.369,0.001,318.3,293.2,0,0,1.3,6.19,6.58,6.99,7.43,7.9,8.39,8.92,9.48,10.08,10.72,11.4,12.12,12.88,13.7,14.57,15.5,16.48,17.53,18.65,19.85,21.12,22.47,23.92,25.46,27.11,28.86,30.74,32.74,34.88,37.17,39.62,42.24,45.05,48.05,51.27,54.73,58.44,62.43,66.72,71.33,76.3,81.67,87.46,93.72,100.49,107.84,115.81,124.48,133.92,144.22,155.47,167.78,181.29,196.14,212.49,230.52,250.45,272.53,297.01,324.21,354.48,388.22,425.86,467.91,514.93,567.55,626.49,692.56,766.67,849.85,943.28,0,0,0,0,0,0,0,0,0,0,0,0,0,0.01,0.03,0.12,0.53,2.66,12.66,28.3,10.9,2.28,0.71,2.05,13.72,50.12,10.76,1.5,0.22,0.03,0.01,0.04,0.37,4.03,30.51,6.34,12.45,16.32,40.02,44,9.89,2.58,19.51,65.79,100.07,53.06,28.45,69.83,76.92,50.83,14.5,11.59,32.98,17.64,2.91,14.71,3.87,31.23,2.53,0.2,0.02,0,0,0,0,0,0,0,0.01,0.18,6.56
170731,19:21:06,170731,19:22:18,1,1008,302.6,2.9,0.01,36,0.34,0,34,303.6,0.37,0.001,318.3,293.2,0,0,1.3,6.19,6.58,6.99,7.43,7.9,8.39,8.92,9.48,10.08,10.72,11.4,12.12,12.88,13.7,14.57,15.5,16.48,17.53,18.65,19.85,21.12,22.47,23.92,25.46,27.11,28.86,30.74,32.74,34.88,37.17,39.62,42.24,45.05,48.05,51.28,54.73,58.44,62.43,66.72,71.33,76.31,81.67,87.46,93.72,100.49,107.84,115.81,124.48,133.92,144.22,155.47,167.79,181.3,196.14,212.49,230.52,250.46,272.53,297.01,324.21,354.48,388.22,425.86,467.91,514.93,567.55,626.49,692.56,766.67,849.85,943.28,0,0,0,0,0,0,0,0,0,0,0,0,0,0,0,0,0,0,0,0,0,0.02,0.13,0.86,5.92,20.4,4.23,0.92,2.77,14.86,23.51,77.7,22.86,9.5,42.15,16.22,1.52,0.23,0.64,7.27,35.12,13.94,8.06,19.07,55.49,81.36,74.47,105.58,100.51,117.9,54.88,17.91,36.91,69.51,30.95,2.13,1.48,14.67,0.96,0.11,0.01,0,0,0,0,0,0,0,0,0,0
170731,19:22:36,170731,19:23:49,0,1008,302.6,2.91,0.008,36,0.34,0,34,303.6,0.37,0.001,318.3,293.2,0,0,1.3,6.19,6.58,6.99,7.43,7.9,8.39,8.92,9.48,10.08,10.72,11.4,12.12,12.88,13.7,14.57,15.5,16.48,17.53,18.65,19.85,21.12,22.47,23.92,25.46,27.11,28.86,30.74,32.74,34.88,37.17,39.62,42.24,45.05,48.05,51.27,54.73,58.44,62.43,66.72,71.33,76.3,81.67,87.46,93.72,100.49,107.84,115.81,124.48,133.92,144.22,155.47,167.78,181.29,196.14,212.49,230.52,250.45,272.53,297.01,324.21,354.48,388.22,425.86,467.91,514.93,567.55,626.49,692.56,766.67,849.85,943.28,0,0,0,0,0,0,0,0,0,0,0,0,0,0.02,0.12,0.62,3.17,14.38,30.28,12.54,2.71,0.5,0.09,0.02,0.01,0.06,0.49,4.08,19.49,3.66,3.36,20.3,36.62,37.95,13.4,31.26,3.39,2.73,21.53,13.74,6.91,9.86,43.27,114.75,26.12,11.87,51.03,88.9,110.82,47.21,87.93,36.26,50.82,6.82,28.49,14.56,2.11,5.71,0.35,0.03,0.01,0.06,0.92,20.84,0.82,0.05,0.01,0,0,0,0
170731,19:24:07,170731,19:25:19,1,1007,302.6,2.9,0.008,36,0.34,0,34,303.6,0.374,0,318.2,293.1,0,0,1.3,6.19,6.58,6.99,7.43,7.9,8.39,8.92,9.48,10.08,10.72,11.4,12.12,12.88,13.7,14.57,15.5,16.48,17.53,18.65,19.85,21.12,22.47,23.92,25.46,27.11,28.86,30.74,32.74,34.88,37.17,39.62,42.24,45.05,48.05,51.28,54.73,58.44,62.43,66.72,71.33,76.31,81.67,87.46,93.72,100.49,107.84,115.81,124.48,133.92,144.22,155.47,167.79,181.3,196.14,212.49,230.52,250.46,272.53,297.01,324.21,354.48,388.22,425.86,467.91,514.93,567.55,626.49,692.56,766.67,849.85,943.28,0,0,0,0,0,0,0,0,0,0,0,0,0,0,0,0,0,0,0,0,0,0,0,0,0,0,0,0,0,0.01,0.05,0.49,5.16,38.98,27.31,23.55,13.41,2.99,14.19,29.62,8.52,6.67,10.52,3.84,17.18,59.39,37.4,56.98,57.93,117.24,84.96,15.32,75.89,17.62,22.81,1.7,1.23,12.18,5.68,31.61,1.61,0.12,0.01,0,0,0,0,0,0,0,0
170731,19:25:37,170731,19:26:49,0,1007,302.6,2.9,0.008,36,0.34,0,34,303.7,0.373,0.001,318.3,293.3,0,0,1.3,6.19,6.58,6.99,7.43,7.9,8.39,8.92,9.48,10.08,10.72,11.4,12.12,12.89,13.7,14.57,15.5,16.48,17.54,18.65,19.85,21.12,22.48,23.92,25.46,27.11,28.87,30.74,32.75,34.89,37.18,39.63,42.25,45.05,48.06,51.28,54.74,58.45,62.44,66.73,71.34,76.32,81.68,87.47,93.73,100.51,107.85,115.83,124.5,133.94,144.23,155.49,167.81,181.32,196.16,212.51,230.54,250.48,272.55,297.03,324.23,354.5,388.24,425.88,467.92,514.94,567.56,626.5,692.56,766.67,849.85,943.28,0,0,0,0,0,0,0,0,0,0.01,0.02,0.08,0.27,1.03,4.4,18.4,52.27,51.95,17.52,3.9,0.8,0.31,1.01,6.39,21.39,6.22,5.43,22.63,44.6,58.54,41.63,18.47,2.29,0.62,3.89,29.46,3.31,2.97,25.6,37.42,53.19,19.25,40.53,20.39,24.95,27.34,69.5,84.67,36.54,60.62,111.61,12,36.81,63.92,20.73,1.67,0.25,0.45,0.04,0.01,0,0.04,1.13,19.11,0.58,0.04,0.02,0.24,8.34,0.38,0.01
170731,19:27:07,170731,19:28:20,1,1007,302.6,2.9,0.009,36,0.34,0,34,303.7,0.373,0.001,318.3,293.2,0,0,1.2,6.19,6.58,6.99,7.43,7.9,8.39,8.92,9.48,10.08,10.72,11.4,12.12,12.89,13.7,14.57,15.5,16.49,17.54,18.66,19.85,21.12,22.48,23.92,25.47,27.11,28.87,30.74,32.75,34.89,37.18,39.63,42.25,45.06,48.06,51.28,54.74,58.45,62.44,66.73,71.34,76.32,81.68,87.47,93.73,100.51,107.85,115.83,124.5,133.94,144.23,155.48,167.8,181.31,196.16,212.5,230.53,250.46,272.53,297,324.2,354.47,388.2,425.83,467.87,514.87,567.48,626.41,692.46,766.55,849.72,943.12,0,0,0,0,0,0,0,0,0,0,0,0,0,0,0,0,0,0,0,0,0,0.02,0.13,0.92,6.35,21.83,4.53,1.09,3.81,23.07,34.15,33.32,16.51,1.78,0.63,5.05,41.59,27.61,12.6,3.42,16.18,1.89,3.4,5.81,13.79,17.81,27.14,17.84,42.69,56.05,42.39,66.52,11.47,62.82,4.15,0.61,2.91,32.61,1.68,1.36,10.12,0.31,0.05,0,0,0,0,0,0,0,0
170731,19:28:38,170731,19:29:50,0,1007,302.6,2.9,0.007,36,0.34,0.002,34,303.8,0.373,0.001,318.2,293.1,0,0,1.3,6.19,6.58,6.99,7.43,7.9,8.39,8.92,9.48,10.08,10.72,11.4,12.12,12.89,13.7,14.57,15.5,16.49,17.54,18.66,19.85,21.12,22.48,23.92,25.47,27.11,28.87,30.74,32.75,34.89,37.18,39.63,42.25,45.05,48.06,51.28,54.74,58.45,62.44,66.73,71.34,76.32,81.68,87.47,93.73,100.51,107.85,115.83,124.49,133.93,144.23,155.48,167.8,181.31,196.15,212.5,230.53,250.46,272.53,297,324.2,354.46,388.19,425.83,467.86,514.87,567.48,626.41,692.46,766.55,849.71,943.12,0,0,0,0,0,0,0,0,0,0,0,0,0,0,0,0,0,0,0,0,0,0,0.02,0.11,0.77,5.7,22.88,4.48,0.6,0.1,0.22,2.1,13.87,4.12,6.06,0.77,1.47,15.41,41.39,38.91,64.96,40.85,12.73,24.9,27.03,31.62,25.57,11.08,33.15,12.95,28.78,58.69,72.43,39.61,73.59,8.08,29.86,2.39,0.22,0.03,0,0,0,0,0,0,0,0,0,0,0
