Sample File,D:\OlinCollege\All_data\OlinCollege\Holmes (Xi Xi)\Medium2.S80,,,,,,,,,,,,,,,,,,,,,,,,,,,
Classifier Model,3080,,,,,,,,,,,,,,,,,,,,,,,,,,,
DMA Model,3085,,,,,,,,,,,,,,,,,,,,,,,,,,,
DMA Inner Radius(cm),0.00937,,,,,,,,,,,,,,,,,,,,,,,,,,,
DMA Outer Radius(cm),0.01905,,,,,,,,,,,,,,,,,,,,,,,,,,,
DMA Characteristic Length(cm),0.04987,,,,,,,,,,,,,,,,,,,,,,,,,,,
CPC Model,3775 Low Flow,,,,,,,,,,,,,,,,,,,,,,,,,,,
Gas Viscosity (kg/(m*s)),1.82E-05,,,,,,,,,,,,,,,,,,,,,,,,,,,
Mean Free Path (m),6.64E-08,,,,,,,,,,,,,,,,,,,,,,,,,,,
Channels/Decade,64,,,,,,,,,,,,,,,,,,,,,,,,,,,
Multiple Charge Correction,TRUE,,,,,,,,,,,,,,,,,,,,,,,,,,,
Nanoparticle Aggregate Mobility Analysis,FALSE,,,,,,,,,,,,,,,,,,,,,,,,,,,
Diffusion Correction,TRUE,,,,,,,,,,,,,,,,,,,,,,,,,,,
Gas Density,0.0012,,,,,,,,,,,,,,,,,,,,,,,,,,,
Units,dw/dlogDp,,,,,,,,,,,,,,,,,,,,,,,,,,,
Weight,Number,,,,,,,,,,,,,,,,,,,,,,,,,,,
Sample #,1,2,3,4,5,6,7,8,9,10,11,12,13,14,15,16,17,18,19,20,21,22,23,24,25,26,27,28
Date,3/25/2017,3/25/2017,3/25/2017,3/25/2017,3/25/2017,3/25/2017,3/25/2017,3/25/2017,3/25/2017,3/25/2017,3/25/2017,3/25/2017,3/25/2017,3/25/2017,3/25/2017,3/25/2017,3/25/2017,3/25/2017,3/25/2017,3/25/2017,3/25/2017,3/25/2017,3/25/2017,3/25/2017,3/25/2017,3/25/2017,3/25/2017,3/25/2017
Start Time,9:53:28,9:58:31,10:03:31,10:08:31,10:13:31,10:18:31,10:23:31,10:28:31,10:33:31,10:38:31,10:43:31,10:48:32,10:53:32,10:58:32,11:03:31,11:08:32,11:13:32,11:18:31,11:23:32,11:28:32,11:33:32,11:38:32,11:43:32,11:48:32,11:53:32,11:58:32,12:03:32,12:08:32
Diameter Midpoint,,,,,,,,,,,,,,,,,,,,,,,,,,,,
7.1,279570,292824,291885,305873,295289,283913,258702,248439,237763,241106,276845,369701,314558,275763,257289,196860,191844,163930,140209,171319,139774,104179,100163,100041,63984.1,92156,80541.3,52395.9
7.37,255026,247414,243587,262904,255434,217007,221508,225580,228159,238696,194703,280890,280952,205015,201455,192820,180317,141929,95457.9,128301,106242,109188,95008,78432.8,78843.1,76960,70043.2,69081.9
7.64,206862,214954,201846,183810,183251,228559,198719,180577,186021,218004,194261,247810,209257,196228,156817,149084,137392,124992,98332,96287.3,84342.2,85329.3,63981.9,69601,59368.4,61360.1,50629.5,53172.3
7.91,177444,166753,167889,204310,167184,169063,164099,141051,165078,163942,173251,217998,195158,167174,137832,138787,133889,87022.7,107056,86048.1,67851.6,75825,53871,51291.9,51509.9,56668,42479.2,41996.9
8.2,165811,159364,143410,144203,157341,141587,135538,135728,159149,144203,128850,193902,174933,125845,124233,105636,108265,98359.8,74935.6,84834.5,72311.2,59182.3,46047.5,51701.8,49484.3,41802.9,38370.8,36760
8.51,137848,132190,139244,114401,119155,133968,123906,141725,112811,125863,122163,181376,144695,118619,116146,103642,100998,75093.1,70505.7,68036.5,65569.7,59223.5,49005.7,37018.4,44241.3,32790.2,37372.2,31023.3
8.82,121705,107992,139338,117386,108252,109788,98553.8,118505,110471,96829.1,103321,145046,119733,111518,100117,88795.5,76130.3,65198.3,52843.4,58528.2,49899.3,51900.5,33680.3,47573.4,28102.4,33217.3,27346,34608.8
9.14,100090,97274.3,114300,102860,100737,102864,114835,80730.2,101097,83501.5,100531,126999,106757,87519.9,88348.6,74758.8,71818.9,49841.5,49542.5,53807.5,47976.9,41085.6,35902.2,27365.3,28453.7,23618.4,29916.3,24474.6
9.47,99166.7,97497.6,92709.3,96430.3,82737.7,77448.4,86558.2,78259.3,87421.7,89507.5,71661.8,134438,106144,93914.7,72730.8,75693.3,59830.5,51289,48431,40026,36340,36717.7,35046.9,26694,21303.6,23354,23215.6,20804.6
9.82,83699.5,74770.3,86592.3,70598.9,78921.9,85329.2,83958,84911.1,77185.7,77222.6,62305.1,114195,85782.6,74674.1,67284.5,63533.9,45225.6,51775.4,41967.8,39187.5,30276.3,34666.6,31066.3,23041.3,20175.1,22735.5,23841.5,24755.1
10.2,73057.4,78267,79575.6,77427.2,70237.1,68240.7,66960.5,54003.2,76970.9,59884.5,61592.5,94183.7,81255,65860.9,58807.1,52200.3,45285.8,39065.3,40034.9,40881,27793.7,26440.7,22910.6,22245.2,17593.3,17615.5,12710.2,21066.4
10.6,73753.4,65174.5,66185.3,63779.3,59703.3,58690.9,64216.4,64200.1,56870.4,53880.5,58031.8,76292.2,75209.1,61472.7,53557.5,43800.8,43210.8,39846.7,34713.3,33657.5,20245.6,22973,23684.9,21277.4,21621.3,19922.6,19212.2,22331.7
10.9,60404.6,63811.8,55530.8,58645.8,53625.7,60719.5,53276.6,53079.7,54581.8,56149.3,51178.8,76815.1,64779.3,53032.8,46137.4,40763,40907.4,30612.3,33608,25257.4,22854.6,21949.7,18810.5,16360.8,21593.6,16292.6,14221.8,16006.1
11.3,59984.5,49033.7,49904.1,51656.7,56523,51732,51158.2,58924.8,38695.6,41615,44711.8,70208.5,50485,54435.1,41760.7,36238.3,32246.5,30081.2,31529.7,25707.9,22895.6,19191.2,22820.3,16089.4,14993.1,15693,10245.8,12268.1
11.8,51507.2,50904.9,46794.8,50796.2,56151.5,43891.1,43599,46343.3,49627.2,46668.6,44784.3,58841,49473.3,42198.8,37619.7,39211.8,31558.8,25993,27618.9,20371.5,20978.1,20333.5,14690.9,14184,15595,13842.3,10734.7,9467.24
12.2,44634.4,43293.4,46163.3,36739.8,46063.5,41548.3,38482.7,39489.6,44457.2,36617.5,39157.3,50582.5,46868.5,38519.4,34350.9,32524.6,27367.3,28468,22831.9,19020.3,17499.6,16751.5,15879,13115,13632.6,12150.8,11790,13265.7
12.6,42004.1,42885.2,38879,36002.6,38668.7,40122.9,35524.8,37951.4,39194.2,32770.6,29662.9,48190,39148.3,36183.8,32837,25218.6,22053.7,25389.2,20992.1,17198.7,18257.8,11099.2,13593.3,12847.5,10974.4,9311.01,10764.1,9760.82
13.1,37775.7,38139.2,36144.5,36984.1,36048.4,31686.3,33373.9,29613.1,30420.9,35110.3,32774.4,46409,40268.1,36703.7,31985.7,24409.9,25789,22061.5,14445.4,15833.6,16990.2,14888.8,10641,14369.9,10397.3,7738.87,8527.54,10139.6
13.6,31546.5,36614.5,33991.3,33102.5,31429.4,28800.7,36105.7,33546.2,27960.2,28537.8,29558.8,40711,37625.1,33832.1,25718.3,22353,21185.2,15125.7,18788,14067.3,17515.8,14825.4,10387.5,10822.3,10922.9,10762.2,7490.33,10408.9
14.1,35649.7,36127.6,32391.5,33528,30230.6,24391.5,30557.3,25929.5,26643.4,29066.5,28845.3,41953.5,30575.7,29448.3,26336.7,24333.5,20764.8,17076.1,17379,13529.8,13320.3,11721.6,9529.07,11916.6,9841.15,9768.71,8728.38,8787.65
14.6,26014.4,26371.6,27293.9,28767.7,23841.8,26723.6,23716.5,24889.3,26181.9,23559.1,23315.5,37602.8,31740.9,24567.7,25440.7,22459.1,19206.7,15495.6,13184.1,12371.8,10958.8,11962.3,9141.41,7768.92,8945.16,8176.78,7197.07,4423.48
15.1,26319.1,27584.6,27034.9,29963.8,25317.7,20913,25378.1,25965.4,22455.8,20703.5,21521,29241.4,25378.1,23864.3,21799.1,15503.6,17249.4,11982.2,14113.9,12444.5,11437,8920.16,8027.87,7231.94,7233.57,7059.19,7472.88,6065.21
15.7,21746.4,23621.4,22270.6,25000.1,24893.5,20743.3,20122,20513.3,22812.1,21056,19483.7,30390.4,24959.4,20399.6,19220.1,19269.1,14501.6,12547.8,12772.2,10352.8,9185.74,8978.17,9793.01,7913.55,6698.82,7433.82,6165.9,4212.09
16.3,22938,25718.9,20858.6,22236,20923.3,20200.6,22803.5,22025.4,19403.3,20153.8,18595.9,26477.1,23171,19336.5,19070.1,16831,14035.8,10750.5,10427.5,10525.2,11558,8256,7083.9,6099.62,5929.32,4477.35,5596.07,5393.19
16.8,20329.3,23341.2,20279.7,20675.7,21923.3,19088.2,19611.9,21429.1,17845.5,19663.1,17483.6,23376.8,23141,17774.2,16447.8,14512.3,13993.5,9933.15,10110.4,10411.7,7847.2,7188.53,7848.72,6447.61,5152.25,5450.52,6606.05,4487.52
17.5,19536.8,19701.9,17717.8,17958.5,18158.8,20020,17409.2,20947.6,18680.6,16465,17061.8,25906.2,19819.5,18351.6,12487.4,14423.6,11559.6,11333.6,9845.38,8138.88,7372.62,6961.1,5447.41,6933.53,5568.52,4581.89,4828.17,4186.93
18.1,15833.3,19339.8,18690.7,14866.3,17615.9,18539.4,14538.1,15244.4,16068.2,17682.1,15097.4,20872.2,19332.1,17294,14467,13508.5,10852.5,9901.35,8340.03,7845.56,7059.37,6943.33,7157.78,5723.83,4550.61,5411.89,6164.51,4495.74
18.8,16361.1,16631.9,16960.6,16987.8,16997.1,16712.5,15741,17026.7,20561.2,13648.7,14425.6,22234.1,18503.5,15665.6,14597,11328.5,11437.1,9853.47,7296.45,8240.68,7263.23,7147.79,4940.77,5049.45,4910.12,4338.66,4388.7,4640.08
19.5,14035.2,16831.7,16209.3,14276.8,14718.8,17169.3,13728.2,14044.3,13676.8,14170.9,13972.3,17306.7,18318.9,13010.6,12990,10931.8,9581.11,9051.4,7522.86,6585.22,6395.72,5741.89,6014.99,3566.94,4358.14,4644.49,3948.49,3988.2
20.2,14254.1,14761.2,17817.2,15391.6,12128.1,15550.1,12915.8,14092.3,14256.5,16013.2,11780.7,19562.2,17959.6,13728.3,11388.7,11187.4,9131.44,6973.93,6620.42,7388.88,5563.38,5506.44,4770.75,5642.64,4485.23,5027.18,2963.88,3486.35
20.9,13751.3,14239.2,15163.3,13039,14891.4,11902.9,14187,12268.2,11881.2,12640.6,12467.8,16561.3,13964.7,11558.1,10361.8,11497.6,8588.22,6034.79,5527.14,6967.89,6121.88,5372.52,4519.54,3821.4,3774.7,3784.99,3113.64,3561.27
21.7,13913.9,12591.7,11954.6,13950.5,12762.1,12355.5,12261.8,12739.4,11852.7,12081.4,11391.4,14954.6,13541.3,11380.8,8541.3,7963.15,8510.32,6519.33,6851.11,5821.97,5260.3,5057.3,4524.56,4215.52,3359.43,2977.15,3843.75,3775.6
22.5,12679.1,12388.7,10808.7,13490.8,12101,11680.2,9658.83,10664.4,12501.5,8887.94,9945.42,12053.6,12756.9,9952.81,11160.3,9272.83,8239.52,6763.38,5267.41,5880.14,5332.89,3831.85,4896.83,3614.86,3756.5,3650.4,2758.02,3247.82
23.3,11746.9,12353.3,10954.3,10608,11124.5,10427.9,11267,9945.32,10699.2,10054.6,14283,12920.4,12367.4,10462.9,7864.88,8986.08,6995.32,4812.95,6345.46,4123.99,5229.31,4944.36,4127.8,3549.45,3335.64,3908.06,2606.27,1965.73
24.1,10910.2,12511.3,10638.6,10458.4,10717.1,10093.8,9344.5,8449.53,9226.67,9190.83,47582.7,13032.3,10444.1,9704.47,7626.17,8730.29,7180.26,5843.67,5693.72,4773.25,4026.46,3266.05,3094.22,3436.47,2797.76,2326.37,2014.93,2338.12
25,8859.72,10934,11793.2,11420.3,9318.6,9218.14,8172.82,8239.25,9074.17,9269.55,48709.2,11692.6,11235.6,9948.92,8739.72,7075.95,5758.42,5371.91,4385.62,4775.12,3830.21,4215.56,3458.24,2912.49,3036.89,3029.61,2631.32,2095.65
25.9,10329.5,9799.96,9644.37,10050.9,8864.03,9379.97,8749.99,8056.04,9342.3,8364.9,35407.6,11935.9,10347,8424.38,6757.99,7812.89,6043.51,4762.66,5001.82,3564.94,3661.43,3335.98,3555.09,3032.8,2906.62,3149.4,2136.83,2560.24
26.9,9020.13,9519.73,8680.82,9573.55,8593.88,7450.33,8540.76,8525.47,9442.65,8880.97,19878.8,10264,11216.6,8366.72,7112.14,6322.44,5807.59,5684.45,4666.67,4219.03,3662.96,2630.4,3448.61,2798.98,2694.93,2155.43,2330.99,2135.35
27.9,9659.43,8037.04,8892.68,9057.72,7892.84,7431.65,7336.2,8397.78,8084.94,7240.66,17303.2,11438.5,8551.39,8345.66,7241.29,5560.03,5397.58,4627.53,4617.77,3298.86,3800.97,3165.45,3194.47,2649.91,2659.6,2371.18,2351.29,1970.7
28.9,8374.65,8407.42,8318.05,7612.82,7775.21,8231.92,7724.86,7811.2,7498.63,7541.31,17183.3,10374.5,7773.3,7444.82,6348.57,5785.09,5178.91,4539.84,4089.86,3488.06,2695.09,2980.92,2683.44,2524.81,2488.72,2134.53,2347.3,2250.12
30,7732.07,8399.05,7163.61,7894.83,7227.68,6805.81,6971.46,6924.4,6740.05,6931.53,16253.4,9103.7,6791.88,7095.33,5865.55,5858.77,5073.38,4689.8,3389.13,4226.19,3233.45,2607.25,2909.12,1830.49,2116.55,2106.23,2333.65,1944.63
31.1,7136.63,7806.91,7624.49,7309.81,7397.83,6456.58,7462.06,6394.58,6299.39,6096.96,18458.1,8790.69,7451.01,5458.61,5891.66,3977.39,5022.46,4022.95,3879.68,4299.3,3295.55,2357.7,1965.55,2327.69,2179.42,2671.16,1581.91,1457.65
32.2,7176.68,8741.85,6756.74,7338.79,6751.52,6213.14,6719.68,5680.43,6627.24,5861.54,17026.3,8213.62,7650.58,6801.45,5226.34,5243.56,4468.02,3704.93,2887.49,3126.96,3074.43,2601.38,2354.36,2313.17,1889.75,1659.19,1965.17,1705.84
33.4,6654.64,6890.46,6222.14,6349.23,6174.17,6113.21,5805.12,7012.55,6008.02,6390.5,14422.9,7770.65,6620.75,4781.7,5602.28,4342.61,3673.83,3625.38,3636.26,2757.19,2672.91,2573.67,2250.55,1596.57,1799.59,1915.43,1392.09,1182.97
34.6,5856.5,6308.73,5535.59,5524.36,5150.93,5762.96,5993.91,6075.99,5113.02,6043.27,11978.8,7763.43,6960.54,5579.51,4763.48,4835,3819.73,3152.6,3486.76,2656.98,2843.55,2615.64,1945.52,2039.69,2147.11,1321.98,1499.52,1646.21
35.9,6000.33,6653.43,6757.58,5580.1,4756.61,5272.73,5639.92,5801.54,5731.43,4900.27,10723.5,7946.87,6091.73,5702.89,5419.84,4136.23,3777.41,3120.22,2878.9,2145.73,2285.06,2105.98,2218.84,1825.99,1290.3,1587.39,1373.73,1510.87
37.2,6173.85,5905.8,5363.73,5497.63,6586.93,5853.9,5754.05,5991.92,4843.17,5444.13,9373.18,7281.47,6766.37,4423.43,4488.33,4104.12,3567.8,3674.86,3093.77,2762.64,2725.28,1820.13,1599.88,1787.5,1777.04,1354.23,1754.27,1713.54
38.5,6294.72,4952.67,6060.63,5564.2,5029.29,5293.61,4468.07,5463.37,5456.27,5725.67,8220.47,7471.44,5688.38,5446.22,3840.74,3631.03,3335.78,3233.49,2884.88,2132.63,2233.66,2390.33,1517.83,1451.11,1021.3,1625.14,1158.92,1433.14
40,5347.13,5527.73,6251.23,5178.23,5396.95,5441.28,4754.09,5160.6,4780.28,4523.35,6863.96,6741.57,5722.65,4540.11,3560.22,4288.7,3703.71,2611.22,2827.54,2288.05,1611.51,2290.86,1464.65,1693.89,1342.99,1350.62,1534.34,1156.81
41.4,4245.36,4968.46,5042.77,4524.32,4834.22,5613.91,4387.85,3680.55,4234.87,4574.42,7197.26,5517.97,5626.93,4477.39,4374.26,3504.22,2831.87,2678.22,2509.69,1845.41,2110.15,1870.55,1799.57,1790.31,1576.52,1407.09,1112.36,1295.85
42.9,5010.63,5309.47,5733.96,4888.42,4817.7,4177.45,4358.16,4749.49,4537.54,4279.35,6175.43,5837.89,4926.33,4128.03,4207.92,3726.64,2960.46,2656.57,2634.25,1953.5,2021.95,1650.71,2079.21,1535.69,1318.48,1428.94,1074.89,1182.3
44.5,5008.44,4207.59,4577.92,4855.95,4627.65,4844,4319.63,4865.61,4431.16,4253.16,5356.13,5532.03,4411.19,4246.45,4061.23,2956.2,3284.35,2448.9,2081.05,2433.78,2338.88,1796.02,1620.77,1008.31,1664.97,1139.02,1350.75,987.417
46.1,4139.49,4109.68,4370.54,4583.57,3632.18,4428.37,4192.83,4326.75,3860.29,4095.86,5626.13,5525.06,4453.96,4669.37,3706.15,2745.01,2715.93,2250.02,2395.78,1865.93,1927.01,1211.68,1570.29,1499.23,1428.31,1157.15,1305.82,1114.4
47.8,4274.11,4355.09,3918.06,4353.56,4193.76,3999.18,4082.31,3511.49,4046.59,4247.61,5882.42,4671.74,4225.08,4072.26,3748.42,3195.88,2284.5,2340.42,2281.32,1611.81,1726.74,1490.07,1096.08,1238.42,1323.3,1058.46,727.302,1289.46
49.6,4517.67,4548.85,4144.96,3937.14,4655.47,3461.34,3651.46,3787.94,3570.49,3852.78,5635.62,5132.31,4719.23,4191.04,3519.44,2773.51,2617.37,2151.78,2207.89,1797.99,1745.95,1714.47,1333.97,1354.29,1033.2,1091.75,1035.87,1080.19
51.4,4374.3,4751.34,3751.9,4500.87,3663.1,3750.28,3983.98,4587.98,3903.32,3663.96,4451.95,5218.84,4479.47,3594.74,3512.59,3193.06,2643.58,2219.58,2152.06,1368.94,1634.4,1605.38,1260.99,1145.62,1104.06,1165.58,1064.86,978.472
53.3,4451.21,3674.94,4140.76,4355.32,4261.82,4059.41,3534.43,4084.47,3735.9,3750.3,4868.82,4200.1,4306.93,3108.52,3084.9,2433.76,2055.36,2055.46,2191.8,1481.97,1443.88,1060.87,1466.32,1456.31,1162.91,1184.66,1073.53,1073.82
55.2,3464.51,3997.88,4348.4,3881.55,3285.54,3723.86,3628.89,3295.95,3272.33,3672.1,4076.65,4797.57,3836.85,3496.42,3109.37,2225.94,2076.46,1706.02,1896.28,1625.49,1294.23,1353.82,1149.87,1188.51,1074.56,983.662,1268.35,1127.91
57.3,3479.27,3571.33,3445.72,3842.56,3525.14,3271.85,3633.4,3718.73,2840.65,3369.9,4128.97,4552.05,3733.77,3537.41,2945.57,2552.01,1866.95,2114.38,1844.3,1286.79,1532.43,1578.24,1377.25,1141.68,821.616,925.467,876.741,902.258
59.4,3886.26,2957.35,3441.07,3092.03,3479.77,3390.5,3072.32,2996.69,3756.07,3373.62,4530.25,4066.31,3228.85,3239.38,2868.35,1852.57,2093.09,1756.19,1411.5,1636.42,1040.94,1067.27,1209.82,1135.29,1133.66,789.012,963.008,904.166
61.5,3336.94,3577.33,3367.55,3140.21,3496.83,3556.57,3112.13,2620.42,2753.21,3210.88,4816.66,3169.84,3741.15,2799.45,2513.05,2348.49,2202.48,2293.94,1648.27,1053.82,1089.56,909.06,1173.18,730.659,1008.35,1054.17,925.397,732.084
63.8,3340.66,2809.91,3587.7,2819.1,3197.32,3270.49,3530.02,3046.9,2706.38,3480.72,4490.89,3924.38,2972.08,3246.55,2318.96,2186.92,2033.25,1475.24,1914.4,1290.83,1138.86,1167.1,1068.26,1002.37,1110.69,903.869,705.909,1025.37
66.1,3127.34,3486.7,3125.09,3320.63,3190.35,2689.42,2758.65,2733.62,3127.25,2753.32,4605.41,3986.78,2951.3,2789.63,2697.08,2064.17,1703.78,1793.24,1363.02,1607.64,942.547,1190.78,990.631,1153.84,820.146,649.379,725.131,840.933
68.5,3137.98,2876.06,3075.79,3152.57,2644.03,2853.8,3174.27,2942.13,2866.35,3068.36,4675.52,3568.1,3153.08,2242.13,2159.81,2273.85,2032.17,1802.3,1524.17,1282.53,1283.37,1283.26,1390.64,930.82,837.902,480.146,761.271,723.047
71,2489.73,2938.91,2768.06,3124.6,2863.29,2587.79,2420.37,2743.73,3017.57,2741.43,3976.89,3483.96,2979.07,2422.48,2181.76,1831.38,1636.26,1582.22,1556.36,1294.49,964.646,923.259,847.119,726.073,1023.22,781.102,703.583,620.435
73.7,2674.28,2439.6,3202,2907.23,2188.17,2302.78,2731.1,2022.29,2223.79,2270.39,3714.23,3206.47,2646.68,1712.16,1917.59,1886.66,1702.37,1544.94,1427.56,1147.39,984.976,778.215,1046.97,948.92,704.026,661.9,539.754,561.124
76.4,2932.74,2674.64,2242.18,2346.76,2778.95,2344.18,2414.86,2771.67,2534.42,2283.79,3455.79,3188.1,2518.44,1540.05,1667.68,1869.42,1629.91,1357.53,1255.84,1014.98,1013.77,906.572,1053.9,686.159,692.996,710.888,597.138,472.477
79.1,2718.33,2839.38,2587.01,2560.8,2082.67,2657.58,1958.14,2070.4,2395.39,2476.17,3739.33,2976.96,2799.39,1912.5,1868.1,1869.8,1721.76,1348.19,1116.9,1155.63,889.935,1147.19,825.884,614.356,605.624,652.725,715.753,609.101
82,2513.79,2370.38,2211.26,2345.77,2337.35,2318.81,2063.21,2014.88,1959.95,1895.34,3495.6,3035.95,2569.7,1933.93,1500.7,1935.74,1181.3,1371.68,1087.98,1132.6,1048.38,1038.63,781.387,784.786,1019.03,534.543,488.156,657.394
85.1,2400.31,2823.37,2611.76,1951.11,2369.48,2431.92,2127.55,2006.9,2096.34,2377.6,3377.84,2939.12,2024.92,2048.62,1981.02,1806.08,1483.66,1158.05,1145.59,1082.32,996.083,1033.34,710.425,729.201,806.927,682.531,541.208,618.809
88.2,2268.33,2372.95,2485.69,2317.77,2401.84,2658.28,2219.14,1878.29,2440.21,2296.37,3087.14,2707.77,2055.06,1797.87,1689.93,1598.57,1531,1233.58,1165.84,982.883,784.295,685.917,791.63,635.624,844.96,598.214,433.883,624.822
91.4,2191.55,2586.94,2585.03,2452.1,2082.04,2317.26,1894.65,2077.5,2149.01,2131.58,3039.9,2628.65,2283.7,2203.13,1503.9,1880.39,1444.21,1559.09,1072.26,1026.87,1015,817.918,648.508,816.609,570.789,492.165,731.526,648.629
94.7,1912.4,2686.25,2110.98,2066.2,2524.34,1926.56,1844.34,2432.12,1787.24,1727.98,2400.8,2450.38,2270.29,1904.12,1639.5,1872.02,1785.94,1392.4,722.086,875.85,912.088,1052.27,602.014,753.791,624.479,757.728,643.095,410.929
98.2,2067.19,1947.35,1823.44,1772.35,2397.13,2132.45,1751.46,1905.27,2076.28,1737.24,2459.53,2699.86,2384.68,1970.33,1542.03,1552.06,1293.38,982.964,1200.4,848.173,745.346,732.563,739.927,568.56,616.625,646.762,544.869,528.2
101.8,2247.68,2067.25,2461.44,2260.6,2593.8,1878.57,1755.11,2049.74,1910.61,1822.22,2347.01,1921.26,2144.7,1756.71,1599.23,1588.41,1489.84,1168.62,1235.86,1208.98,732.976,705.533,460.861,599.543,529.68,660.481,571.464,418.421
105.5,2413.74,2347.16,2284.69,2570.51,2554.54,2518.83,2935.48,2256.69,1794.79,2201.83,3075.64,3315.66,2339.07,2345.71,2016.21,1678.54,1518.01,1522.45,866.027,1079.3,888.691,844.947,801.733,910.412,949.675,530.039,839.186,681.554
109.4,3137.65,2972.12,2394.5,2487.74,2562.3,2411.45,2564.55,2444.84,2475.72,2461.45,3777.64,3396.19,2900.07,2584,2054.06,1917.66,1641.84,1493.15,1186.44,1222.5,925.23,788.657,750.249,742.901,599.23,642.388,757.347,850.929
113.4,3172.6,2599.92,3002.96,2689.94,2580.8,2788.41,2861.92,2114.85,2465.76,2454.65,3194.28,2525.69,2541.4,2769.14,1978.71,1773.65,1537.64,1427.78,1239.01,1234.34,1019.57,1105.42,854.382,971.542,844.963,632.68,744.951,661.08
117.6,2813.56,2546.66,2632.35,2602.62,2758.69,2647.29,2798.38,2219.97,2565.18,2010.99,3466.3,3051.58,2830.52,2259.51,2043.68,1681.04,1904.82,1354.2,1308.51,1165.14,1025.27,807.087,798.291,652.031,784.361,716.953,710.26,764.587
121.9,2967.15,2376.55,3051.39,2523.54,2420.46,2726.33,2445.59,2084,2346.69,2251.76,3758.94,3281.7,2744.23,2414.26,1884.4,1573.44,1741.84,1411.94,1134.26,1352.52,888.445,962.907,868.971,651.416,795.985,818.642,508.45,700.039
126.3,2669.71,2394.76,2656.25,2960.85,2799.06,2351.03,2729.89,2502.11,2146.35,2609.18,3277.07,3237.76,2683.79,1983.04,1851.37,1910.44,1593.72,1676.55,1141.92,911.389,904.108,947.264,806.844,819.811,784.988,778.189,770.969,626.63
131,2428.06,2530.12,3036.23,2440.9,2448.59,2315.9,2243.17,2329.85,2204.33,2457.58,3452.5,3071.49,2612.19,2267.17,1892.4,1631.77,1455.87,1195.7,1204.45,1137.73,1212.91,793.852,705.502,914.498,740.237,613.042,671.879,750.897
135.8,2598.47,2778.72,2737.11,2680.01,2582.95,2279.05,2517.24,2277.05,2497.56,2630.66,3417.17,3269.85,2667.23,2417.69,2020.61,1791.46,1534.96,1607.62,1001.16,1034.94,945.122,686.374,964.535,826.953,683.853,618.139,459.206,650.599
140.7,2764.12,2263.32,2691.33,2694.92,2389.69,2754.95,2333.24,2377.41,2054.04,2015.69,3227.34,3625.43,2240.24,2312.49,1714.62,1583.65,1411.81,1277.11,1306.25,1342.66,1047.61,953.49,749.544,896.995,637.874,810.88,522.618,503.122
145.9,2643.68,2572.15,2725.77,2253.28,2180.32,2071.91,2718.76,2387.51,2099.94,2527.58,3503.51,2692.48,2445.89,2176.67,1977.05,1811.79,1583.77,1183.2,1243.3,1053.3,897.841,1034,932.118,554.581,793.568,785.879,595.785,667.306
151.2,2783.83,2412.98,2619.6,2166.77,2295.71,2438.66,2403.04,2455.03,2421.56,2247.91,3438.02,2902.11,2556.86,1861.31,2191.02,1649.99,1440.72,1247.12,1378.09,1042.04,1244.24,933.881,909.717,785.915,700.466,506.133,510.323,522.507
156.8,2440.02,2956.2,2773.58,2228.17,2459.91,2144.81,2407.31,2597.62,2425.05,2414.9,3457.92,2903.49,2725.28,2184.8,2013.97,1633.65,1664.52,1475.84,1019.13,1082.71,862.251,839.591,776.014,928.592,746.791,738.28,786.783,546.327
Scan Up Time(s),240,240,240,240,240,240,240,240,240,240,240,240,240,240,240,240,240,240,240,240,240,240,240,240,240,240,240,240
Retrace Time(s),60,60,60,60,60,60,60,60,60,60,60,60,60,60,60,60,60,60,60,60,60,60,60,60,60,60,60,60
Down Scan First,FALSE,FALSE,FALSE,FALSE,FALSE,FALSE,FALSE,FALSE,FALSE,FALSE,FALSE,FALSE,FALSE,FALSE,FALSE,FALSE,FALSE,FALSE,FALSE,FALSE,FALSE,FALSE,FALSE,FALSE,FALSE,FALSE,FALSE,FALSE
Scans Per Sample,1,1,1,1,1,1,1,1,1,1,1,1,1,1,1,1,1,1,1,1,1,1,1,1,1,1,1,1
Impactor Type(cm),0.071,0.071,0.071,0.071,0.071,0.071,0.071,0.071,0.071,0.071,0.071,0.071,0.071,0.071,0.071,0.071,0.071,0.071,0.071,0.071,0.071,0.071,0.071,0.071,0.071,0.071,0.071,0.071
Sheath Flow(lpm),3,3,3,3,3,3,3,3,3,3,3,3,3,3,3,3,3,3,3,3,3,3,3,3,3,3,3,3
Aerosol Flow(lpm),0.3,0.3,0.3,0.3,0.3,0.3,0.3,0.3,0.3,0.3,0.3,0.3,0.3,0.3,0.3,0.3,0.3,0.3,0.3,0.3,0.3,0.3,0.3,0.3,0.3,0.3,0.3,0.3
CPC Inlet Flow(lpm),0.3,0.3,0.3,0.3,0.3,0.3,0.3,0.3,0.3,0.3,0.3,0.3,0.3,0.3,0.3,0.3,0.3,0.3,0.3,0.3,0.3,0.3,0.3,0.3,0.3,0.3,0.3,0.3
CPC Sample Flow(lpm),0.3,0.3,0.3,0.3,0.3,0.3,0.3,0.3,0.3,0.3,0.3,0.3,0.3,0.3,0.3,0.3,0.3,0.3,0.3,0.3,0.3,0.3,0.3,0.3,0.3,0.3,0.3,0.3
Low Voltage,25.5554,25.5554,25.5554,25.5554,25.5554,25.5554,25.5554,25.5554,25.5554,25.5554,25.5554,25.5554,25.5554,25.5554,25.5554,25.5554,25.5554,25.5554,25.5554,25.5554,25.5554,25.5554,25.5554,25.5554,25.5554,25.5554,25.5554,25.5554
High Voltage,9357.87,9357.87,9357.87,9357.87,9357.87,9357.87,9357.87,9357.87,9357.87,9357.87,9357.87,9357.87,9357.87,9357.87,9357.87,9357.87,9357.87,9357.87,9357.87,9357.87,9357.87,9357.87,9357.87,9357.87,9357.87,9357.87,9357.87,9357.87
Lower Size(nm),6.97831,6.97831,6.97831,6.97831,6.97831,6.97831,6.97831,6.97831,6.97831,6.97831,6.97831,6.97831,6.97831,6.97831,6.97831,6.97831,6.97831,6.97831,6.97831,6.97831,6.97831,6.97831,6.97831,6.97831,6.97831,6.97831,6.97831,6.97831
Upper Size(nm),159.634,159.634,159.634,159.634,159.634,159.634,159.634,159.634,159.634,159.634,159.634,159.634,159.634,159.634,159.634,159.634,159.634,159.634,159.634,159.634,159.634,159.634,159.634,159.634,159.634,159.634,159.634,159.634
Density(g/cc),1.2,1.2,1.2,1.2,1.2,1.2,1.2,1.2,1.2,1.2,1.2,1.2,1.2,1.2,1.2,1.2,1.2,1.2,1.2,1.2,1.2,1.2,1.2,1.2,1.2,1.2,1.2,1.2
Title,,,,,,,,,,,,,,,,,,,,,,,,,,,,
Status Flag,Normal Scan,Normal Scan,Normal Scan,Normal Scan,Normal Scan,Normal Scan,Normal Scan,Normal Scan,Normal Scan,Normal Scan,Normal Scan,Normal Scan,Normal Scan,Normal Scan,Normal Scan,Normal Scan,Normal Scan,Normal Scan,Normal Scan,Normal Scan,Normal Scan,Normal Scan,Normal Scan,Normal Scan,Normal Scan,Normal Scan,Normal Scan,Normal Scan
td(s),2.93,2.93,2.93,2.93,2.93,2.93,2.93,2.93,2.93,2.93,2.93,2.93,2.93,2.93,2.93,2.93,2.93,2.93,2.93,2.93,2.93,2.93,2.93,2.93,2.93,2.93,2.93,2.93
tf(s),0.783657,0.783657,0.783657,0.783657,0.783657,0.783657,0.783657,0.783657,0.783657,0.783657,0.783657,0.783657,0.783657,0.783657,0.783657,0.783657,0.783657,0.783657,0.783657,0.783657,0.783657,0.783657,0.783657,0.783657,0.783657,0.783657,0.783657,0.783657
D50(nm),1284.41,1284.41,1284.41,1284.41,1284.41,1284.41,1284.41,1284.41,1284.41,1284.41,1284.41,1284.41,1284.41,1284.41,1284.41,1284.41,1284.41,1284.41,1284.41,1284.41,1284.41,1284.41,1284.41,1284.41,1284.41,1284.41,1284.41,1284.41
Median(nm),8.89104,8.91351,8.91166,8.84715,8.86747,8.82042,8.95243,8.90888,8.92167,8.7797,9.19797,8.90241,8.83004,8.89249,8.83486,8.85175,8.69791,8.80322,8.9825,8.65977,8.73801,8.75536,8.92262,8.78592,8.86706,8.6933,8.80449,8.9732
Mean(nm),14.0084,14.0687,14.0779,13.9131,13.9946,13.9255,14.0538,14.1036,13.9721,13.9748,16.3925,13.8108,13.7589,13.8348,13.7261,13.767,13.5747,13.7999,13.9274,13.3197,13.5713,13.5103,13.8721,13.8041,14.1233,13.6434,13.8407,14.0252
Geo. Mean(nm),10.9145,10.976,10.939,10.8691,10.9011,10.8581,10.933,10.9957,10.9322,10.8722,12.1551,10.8489,10.8159,10.8636,10.7985,10.8289,10.6933,10.8006,10.9533,10.5476,10.7228,10.6869,10.8784,10.7983,10.9908,10.7111,10.8205,10.9642
Mode(nm),7.10497,7.10497,7.10497,7.10497,7.10497,7.10497,7.10497,7.10497,7.10497,7.10497,7.10497,7.10497,7.10497,7.10497,7.10497,7.10497,7.10497,7.10497,7.10497,7.10497,7.10497,7.36525,7.10497,7.10497,7.36525,7.10497,7.10497,7.36525
Geo. Std. Dev.,1.74962,1.75305,1.75536,1.7479,1.7521,1.74909,1.75242,1.75288,1.7443,1.75372,1.90962,1.73349,1.73361,1.73624,1.73163,1.73238,1.72458,1.73904,1.73599,1.71005,1.72236,1.71663,1.74084,1.74091,1.75487,1.73369,1.74443,1.74376
Total Concentration(#/cm?),40962,40607.1,40560.1,40136.2,39002.7,38413.9,37280.7,36427.1,36866.5,36500.8,39391.5,50063.1,43228.9,36562.3,32769.4,29381.3,26923.5,22516.9,19999,19829.5,17131.1,15886.1,13620.1,12712.8,11427.4,11409.8,10368.7,9952.5
Comment,,,,,,,,,,,,,,,,,,,,,,,,,,,,
